0.000000000000000000e+00,1.508869999999999933e+00,-1.531271000000000049e+00,2.546090999999999838e+01,1.508869999999999933e+00,-1.531271000000000049e+00,2.546090999999999838e+01
5.000000000000000278e-02,3.671990756198800221e-01,-1.291499314583496094e+00,2.222474570945752248e+01,3.671990756198800221e-01,-1.291499314583496094e+00,2.222474570945752248e+01
1.000000000000000056e-01,-2.647316530646149357e-01,-1.228608378609311824e+00,1.944944705335527502e+01,-2.647316530646149357e-01,-1.228608378609311824e+00,1.944944705335527502e+01
1.500000000000000222e-01,-6.728609076704585856e-01,-1.401866577001192216e+00,1.705122418446302746e+01,-6.728609076704585856e-01,-1.401866577001192216e+00,1.705122418446302746e+01
2.000000000000000111e-01,-1.043371092843957459e+00,-1.838720515828568658e+00,1.498781815112865168e+01,-1.121487242642916549e+00,-1.930821083833343943e+00,1.501848282920304278e+01
2.500000000000000000e-01,-1.507923937056543595e+00,-2.610740503510996291e+00,1.324894680309744821e+01,-1.612547663599493530e+00,-2.773757146414598918e+00,1.330737849543500673e+01
3.000000000000000444e-01,-2.190246360265764469e+00,-3.867214998824512140e+00,1.187333001725999893e+01,-2.333523826011300262e+00,-4.121532726671875757e+00,1.196025020698745145e+01
3.500000000000000333e-01,-3.244807473265381326e+00,-5.856778073865906542e+00,1.100513584370070319e+01,-3.462732864349017170e+00,-6.263038838621747040e+00,1.115920593175842335e+01
4.000000000000000222e-01,-4.883327303219869187e+00,-8.913626449083082548e+00,1.102874039885340807e+01,-5.228727275403940666e+00,-9.548475269400713117e+00,1.136819496017292330e+01
4.500000000000000111e-01,-7.355066473339339161e+00,-1.326174978666808357e+01,1.282789202321647082e+01,-7.816594619273337763e+00,-1.404908445881990176e+01,1.355217006672956614e+01
5.000000000000000000e-01,-1.074855373798275693e+01,-1.821877360180907601e+01,1.797789994250243950e+01,-1.126452177573989921e+01,-1.884482897814045543e+01,1.932848727581302128e+01
5.500000000000000444e-01,-1.436392794895919955e+01,-2.059119073314351667e+01,2.752738597109156515e+01,-1.469739472162871508e+01,-2.030953040383861463e+01,2.923080072007247665e+01
6.000000000000000888e-01,-1.605221199867383319e+01,-1.577322814524861450e+01,3.770559068612034537e+01,-1.588548051089165369e+01,-1.447160544135348559e+01,3.859554848420550854e+01
6.500000000000000222e-01,-1.388773604528841865e+01,-6.052571013189243843e+00,4.083907101092047043e+01,-1.322606444885418853e+01,-4.902384545357834966e+00,4.054973183781725510e+01
7.000000000000000666e-01,-9.196983491045884307e+00,6.889439751510785248e-01,3.704094458508534160e+01,-8.535940002164151608e+00,1.063475752533623142e+00,3.632384009982049378e+01
7.500000000000000000e-01,-4.732253602818433436e+00,2.875473280684094135e+00,3.178876807904218893e+01,-4.366228481218783486e+00,2.749644711420974108e+00,3.109210592257695183e+01
8.000000000000000444e-01,-1.679836345809798903e+00,3.012260347066677113e+00,2.739053240222646579e+01,-1.479628510118146334e+00,2.868950253480645696e+00,2.685314293016982745e+01
8.500000000000000888e-01,1.196835492805758128e-01,2.808821735918937801e+00,2.387810936908989135e+01,1.766210321335636713e-01,2.638008756295204371e+00,2.343100534129319357e+01
9.000000000000000222e-01,1.179108868855515579e+00,2.874743723603424783e+00,2.099011570882419164e+01,1.123603069267967713e+00,2.669448164588659633e+00,2.050117187493731308e+01
9.500000000000000666e-01,1.937382432692557277e+00,3.374711393025783490e+00,1.859965748443512368e+01,1.848902533906266576e+00,3.208819590262149912e+00,1.811392179782260570e+01
1.000000000000000000e+00,2.700537411211519689e+00,4.388717389221841181e+00,1.669804556727865830e+01,2.608494293394294061e+00,4.258610974126533222e+00,1.626487766407129953e+01
1.050000000000000044e+00,3.693104504991304271e+00,6.040167476050745776e+00,1.539016771327311695e+01,3.550666062067795004e+00,5.860671263465951242e+00,1.495248740451830649e+01
1.100000000000000089e+00,5.111354196048830900e+00,8.497967200264703536e+00,1.496170517153784729e+01,4.928341579089122071e+00,8.283766095484578429e+00,1.446902813268144961e+01
1.150000000000000133e+00,7.127522904267646453e+00,1.182723792293703191e+01,1.600773932037028047e+01,6.939279099640247139e+00,1.165890177374681258e+01,1.544993362380782820e+01
1.200000000000000178e+00,9.772199784641557585e+00,1.551870638247800827e+01,1.947135303067814505e+01,9.599749017481745028e+00,1.548642981009713182e+01,1.882954507286312662e+01
1.250000000000000000e+00,1.259486222020998269e+01,1.769340402732568052e+01,2.594690570003633567e+01,1.250991660865574673e+01,1.792859840817055073e+01,2.527905211789787643e+01
1.300000000000000044e+00,1.431271460460310685e+01,1.553215475006740931e+01,3.356281122231693104e+01,1.445337122845755040e+01,1.607545381852373367e+01,3.317554859488802776e+01
1.350000000000000089e+00,1.351694423130749811e+01,9.204923129024734862e+00,3.765850569156265237e+01,1.384086677488338601e+01,9.699339403323076425e+00,3.781092448991086030e+01
1.400000000000000133e+00,1.045800771037718491e+01,3.203615975892954104e+00,3.638009871501703429e+01,1.071333722600569871e+01,3.302229971438769063e+00,3.676987645746289957e+01
1.450000000000000178e+00,6.877934094391170206e+00,2.595999317954342245e-01,3.246233888465454243e+01,7.009731726353999548e+00,1.670082662214852354e-01,3.278061834868403679e+01
1.500000000000000000e+00,4.081069769472168929e+00,-4.197974067742789583e-01,2.836444951258658165e+01,4.072374808094921583e+00,-5.323990347157619984e-01,2.862953856565253474e+01
1.550000000000000044e+00,2.343646635347117702e+00,-1.973735693619847187e-01,2.477247217779589405e+01,2.205152992736476580e+00,-3.723264846106138504e-01,2.501586672226545716e+01
1.600000000000000089e+00,1.433628969175070322e+00,2.312518665406282370e-01,2.168020385046833809e+01,1.272515158819331527e+00,6.637162175053362700e-02,2.186154578263166570e+01
1.650000000000000133e+00,1.054040522156125093e+00,6.698166425351962383e-01,1.899901108229638069e+01,8.571344079463905086e-01,4.462257305401432506e-01,1.911703881472153910e+01
1.700000000000000178e+00,1.000122447236282408e+00,1.136888527821854566e+00,1.666980644195587757e+01,7.113413321173083226e-01,7.365217407648944059e-01,1.675822020138229362e+01
1.750000000000000000e+00,1.173890369115435206e+00,1.728587308605663342e+00,1.466079599429273905e+01,7.616716610431535361e-01,1.081014076399548163e+00,1.471067003087963343e+01
1.800000000000000044e+00,1.562923501479146937e+00,2.583687540620706713e+00,1.296739699408982638e+01,1.005325374655508863e+00,1.632433449283591242e+00,1.293705534794746370e+01
1.850000000000000089e+00,2.225305927216246094e+00,3.896571446965189534e+00,1.163345484050823764e+01,1.407419387863949156e+00,2.440932945887944960e+00,1.142694480401113033e+01
1.900000000000000133e+00,3.289584399324623210e+00,5.944166506995506083e+00,1.081149131822797216e+01,2.045457073055190644e+00,3.692323943096786909e+00,1.022445492389691246e+01
1.950000000000000178e+00,4.960473968550120460e+00,9.077788958989712498e+00,1.090435645014811428e+01,3.093417060183635936e+00,5.726355301570729139e+00,9.490222367332110665e+00
2.000000000000000000e+00,7.486018004231854484e+00,1.351730028913534376e+01,1.283505692497668527e+01,4.769627638276900505e+00,8.939018793389433171e+00,9.640022863307180501e+00
2.050000000000000266e+00,1.093983217757660675e+01,1.850609145048424153e+01,1.822829492669214702e+01,7.311477969005537147e+00,1.357865776143950143e+01,1.161363068181864655e+01
2.100000000000000089e+00,1.455850378550591806e+01,2.066476697041980159e+01,2.805547455730615525e+01,1.085381096339176565e+01,1.896063942014259851e+01,1.719241252209370785e+01
2.149999999999999911e+00,1.610481423781109456e+01,1.540351951604169223e+01,3.817507939761616598e+01,1.470957980715586899e+01,2.146388723321964420e+01,2.763705752612515454e+01
2.200000000000000178e+00,1.372693980162621230e+01,5.538640127104312860e+00,4.088367979177403555e+01,1.653300579748780308e+01,1.598296166981232957e+01,3.866700697023053834e+01
2.250000000000000000e+00,8.936473680059188851e+00,-1.000617131848361874e+00,3.683235703281090423e+01,1.399545841445539907e+01,5.314844730586273158e+00,4.174806361635431529e+01
2.300000000000000266e+00,4.491692447777945851e+00,-3.018651851875365999e+00,3.156215976879167684e+01,8.808730244925040864e+00,-1.745521437231787321e+00,3.724530939380345984e+01
2.350000000000000089e+00,1.491760527127381053e+00,-3.102801699156497950e+00,2.720738099480927730e+01,4.242582697711390516e+00,-3.636161077743745196e+00,3.169411551352505541e+01
2.400000000000000355e+00,-2.703414709492398260e-01,-2.909915915048514545e+00,2.373837500478235896e+01,1.025350861208884190e+00,-3.786782703444609322e+00,2.737576210094117002e+01
2.450000000000000178e+00,-1.317862890336497284e+00,-3.014548780735651246e+00,2.089143234006597893e+01,-8.451307321701478914e-01,-3.703131390742261164e+00,2.399092053974584715e+01
2.500000000000000000e+00,-2.088109880001832508e+00,-3.571563693489224534e+00,1.854766044268104608e+01,-1.890286119460868219e+00,-3.760864084067919944e+00,2.114406057989507204e+01
2.550000000000000266e+00,-2.885148788779779760e+00,-4.662878032401719608e+00,1.671009798677771130e+01,-2.803835602119231218e+00,-4.532740012845741795e+00,1.895794145221270455e+01
2.600000000000000089e+00,-3.933624573798196078e+00,-6.414728549252195933e+00,1.550404190116799619e+01,-3.846728965019377888e+00,-6.003766183549734237e+00,1.746500140224905095e+01
2.650000000000000355e+00,-5.428624403518856667e+00,-8.984335040333965239e+00,1.525096194938947569e+01,-5.130607244575710268e+00,-8.107607002994928536e+00,1.676778805530516792e+01
2.700000000000000178e+00,-7.528145016258357636e+00,-1.237561380642627107e+01,1.659270978003630503e+01,-6.850703970923502695e+00,-1.089485607465061001e+01,1.730718789802632784e+01
2.750000000000000000e+00,-1.020943332500237588e+01,-1.591465798568702539e+01,2.046361630797043318e+01,-9.158946375624184455e+00,-1.411997736707583684e+01,1.991303983694258406e+01
2.800000000000000266e+00,-1.290913154694442255e+01,-1.752115263384779098e+01,2.719631932371087757e+01,-1.167124498159984292e+01,-1.633855434914158167e+01,2.502607220174067848e+01
2.850000000000000089e+00,-1.427050665358492587e+01,-1.461990403170701569e+01,3.440674520606886233e+01,-1.343573442957392317e+01,-1.537080837652943366e+01,3.144453446224878945e+01
2.900000000000000355e+00,-1.307927694625378834e+01,-8.179568356608058366e+00,3.757902864529681608e+01,-1.329147576728665037e+01,-1.072372770405507936e+01,3.585837816667431355e+01
2.950000000000000178e+00,-9.891466552390111744e+00,-2.697490285314679159e+00,3.573717277522920455e+01,-1.105787546048977710e+01,-5.265333688664631140e+00,3.594401462404924530e+01
3.000000000000000000e+00,-6.443014315758770039e+00,-2.185059198653555579e-01,3.176392306361771034e+01,-7.970228578196778990e+00,-1.941084845042144735e+00,3.296891737887958840e+01
3.050000000000000266e+00,-3.851582281842344635e+00,2.567121684939590032e-01,2.777300542778533909e+01,-5.277566953028028252e+00,-8.090313102003873214e-01,2.924418905194018237e+01
3.100000000000000089e+00,-2.284478159116627882e+00,-2.894657735281825836e-02,2.428489141729465928e+01,-3.473890963404031584e+00,-8.436272263733506360e-01,2.579698408837958112e+01
3.150000000000000355e+00,-1.493430084970878369e+00,-4.891264620849350986e-01,2.127432777977470835e+01,-2.540637023299183728e+00,-1.385611174214977259e+00,2.273750002363370015e+01
3.200000000000000178e+00,-1.201670929764013351e+00,-9.795178055599965683e-01,1.866343966682691757e+01,-2.224941566631201795e+00,-2.103497212326900456e+00,2.006087067662836176e+01
3.250000000000000000e+00,-1.230395341784539687e+00,-1.543662097642750863e+00,1.640411228048765224e+01,-2.336633489371245265e+00,-2.984821256577517179e+00,1.781220010743187387e+01
3.300000000000000266e+00,-1.505944142412571685e+00,-2.299418809874339331e+00,1.447793328541284019e+01,-2.840769660564632648e+00,-4.229958219382772278e+00,1.602801191860617536e+01
3.350000000000000089e+00,-2.040847005429702321e+00,-3.416183424222505760e+00,1.290566442435011929e+01,-3.779250389607735627e+00,-6.077196630574503544e+00,1.482373174475734778e+01
3.400000000000000355e+00,-2.922985896881452383e+00,-5.130752640424685040e+00,1.178719171347975703e+01,-5.229761285540973859e+00,-8.720969533691109277e+00,1.451995599216924404e+01
3.450000000000000178e+00,-4.315686428171245481e+00,-7.756567320895862316e+00,1.140073987945141454e+01,-7.330407327291807107e+00,-1.224973354629577749e+01,1.579086352440937979e+01
3.500000000000000000e+00,-6.443778150670985028e+00,-1.158416892359065820e+01,1.240758750224981277e+01,-1.010150564366744419e+01,-1.609886082310156752e+01,1.969235670314434472e+01
3.550000000000000266e+00,-9.473860375982301463e+00,-1.637469491011358258e+01,1.610420768518901724e+01,-1.300153566104716951e+01,-1.809087567362253424e+01,2.674850764689876925e+01
3.600000000000000089e+00,-1.307209703326500794e+01,-2.003295944014086416e+01,2.394263689793420724e+01,-1.459461859200429856e+01,-1.526304273773240894e+01,3.457411006766781725e+01
3.650000000000000355e+00,-1.564666293887159121e+01,-1.807947481639153509e+01,3.436179515344464619e+01,-1.343946337951692449e+01,-8.388756378989999263e+00,3.823051292261776979e+01
3.700000000000000178e+00,-1.491371760613183639e+01,-9.559703806336383280e+00,4.035944221942842347e+01,-1.005390046830341610e+01,-2.400396453389089579e+00,3.636440824469510602e+01
3.750000000000000000e+00,-1.094226455144248789e+01,-1.429523719564740114e+00,3.854735711246367202e+01,-6.389172630304992495e+00,2.402777921689222829e-01,3.214408285421563249e+01
3.800000000000000266e+00,-6.308838419205052617e+00,2.102269486971183543e+00,3.350797712916170212e+01,-3.594021111093558041e+00,7.955123120314955276e-01,2.802502123075111484e+01
3.850000000000000089e+00,-2.813578112936571785e+00,2.727085799199365113e+00,2.880655873837669034e+01,-1.901361528236715559e+00,5.290929430926796240e-01,2.449975773892519015e+01
3.900000000000000355e+00,-6.688679937650965357e-01,2.533336239645628041e+00,2.500856692036321505e+01,-1.052095723034600416e+00,8.166157467186740959e-02,2.139660749929682027e+01
3.950000000000000178e+00,5.590899335017130989e-01,2.426514647197052454e+00,2.188791911945478219e+01,-6.615198932429945389e-01,-2.452016401594365180e-01,1.869715218482620500e+01
4.000000000000000000e+00,1.332702576943012307e+00,2.670053482150537061e+00,1.927151035433930204e+01,-5.273270550308434279e-01,-4.978248176494127764e-01,1.638341965365214037e+01
4.049999999999999822e+00,1.987395127739307821e+00,3.344738786386882268e+00,1.709975821419274666e+01,-5.959886102978338984e-01,-8.374879710279159450e-01,1.436824081480554760e+01
4.100000000000000533e+00,2.757538865162146635e+00,4.543769442495106503e+00,1.540115901430696965e+01,-8.110935686356034457e-01,-1.331966374746544002e+00,1.259948280340033300e+01
4.150000000000000355e+00,3.836644614450904101e+00,6.431565998580397903e+00,1.432109002993476921e+01,-1.151604187257955658e+00,-2.037403241626389860e+00,1.108054517844496267e+01
4.200000000000000178e+00,5.418077457920190021e+00,9.211388822502138751e+00,1.422208933620735927e+01,-1.716364545799090813e+00,-3.166496901033516664e+00,9.839461807463663945e+00
4.250000000000000000e+00,7.674114864586225160e+00,1.291169114799776629e+01,1.584368049059981232e+01,-2.663473814649575111e+00,-5.032421007771018751e+00,8.988581396531657219e+00
4.299999999999999822e+00,1.057821518016828222e+01,1.675320494488810752e+01,2.028551188706090969e+01,-4.180161104921292115e+00,-7.988263592224100762e+00,8.856931502606681050e+00
4.350000000000000533e+00,1.346282814272469253e+01,1.825423760314094324e+01,2.789648816210982218e+01,-6.544883260177860151e+00,-1.241611860947793566e+01,1.026397910096101995e+01
4.400000000000000355e+00,1.473374422412279472e+01,1.450437873955971568e+01,3.566710774682375273e+01,-1.000885589284566279e+01,-1.810360626299791420e+01,1.493924345117758890e+01
4.450000000000000178e+00,1.310857956669855540e+01,7.185248433413979008e+00,3.843283456348216021e+01,-1.413213415050652522e+01,-2.213728486045824440e+01,2.480863768891872567e+01
4.500000000000000000e+00,9.467266170836357020e+00,1.572110382322105204e+00,3.584991406314787099e+01,-1.679784179784628861e+01,-1.844866729954259199e+01,3.716924190095545555e+01
4.549999999999999822e+00,5.793425332534954286e+00,-6.591726522620483530e-01,3.147559080062293191e+01,-1.515326699397264676e+01,-7.401199373380188185e+00,4.267263482745934766e+01
4.600000000000000533e+00,3.154875114341717968e+00,-9.592030822990006422e-01,2.736547743862645632e+01,-1.001082519364798529e+01,1.341422373904588072e+00,3.903677370508716393e+01
4.650000000000000355e+00,1.593096696662414047e+00,-6.610535149390862619e-01,2.385980483617216308e+01,-4.945906674984946960e+00,4.056008007497092116e+00,3.305305618668806744e+01
4.700000000000000178e+00,7.804631797991696818e-01,-3.234211442003753212e-01,2.085487574236887554e+01,-1.319119299737296913e+00,4.355042474162241994e+00,2.830395249300628890e+01
4.750000000000000000e+00,4.014845316071876669e-01,-7.827382258357427902e-02,1.824628048371416611e+01,8.585824419504232141e-01,4.163769289716728217e+00,2.478519210851059995e+01
4.800000000000000711e+00,2.504102150164096985e-01,9.049600691965657695e-02,1.596874137199963961e+01,2.104290061740361928e+00,4.205287472240589963e+00,2.186144444001176268e+01
4.850000000000000533e+00,2.173985460484732513e-01,2.301510893537885849e-01,1.397711918132469222e+01,3.082416199874852936e+00,4.944358038152616430e+00,1.960667304509712849e+01
4.900000000000000355e+00,2.545959656708299268e-01,3.874205918559234241e-01,1.223575280593497361e+01,4.143081103141996735e+00,6.376018845805934809e+00,1.813783365840141926e+01
4.950000000000000178e+00,3.512189996270512204e-01,6.097089599071282562e-01,1.071538891767305302e+01,5.430530585031841717e+00,8.422232870268173244e+00,1.751575989461865035e+01
5.000000000000000000e+00,5.216568765147618914e-01,9.574911712895788352e-01,9.393664357012015742e+00,7.152176291132158248e+00,1.111311914176236826e+01,1.816126629333104603e+01
5.050000000000000711e+00,8.044545571476615642e-01,1.522902092194631019e+00,8.259180776547502489e+00,9.375911265976936804e+00,1.404962522503192623e+01,2.081035515866302532e+01
5.100000000000000533e+00,1.270695686431139393e+00,2.456889060814546166e+00,7.323848290441146602e+00,1.170173794936625455e+01,1.582409404847677159e+01,2.571255034578208765e+01
5.150000000000000355e+00,2.042381140922755911e+00,4.009048270293679828e+00,6.657702869450746519e+00,1.322060215664891025e+01,1.457900433778012683e+01,3.154701434070257449e+01
5.200000000000000178e+00,3.321402828284635511e+00,6.574531573604054380e+00,6.484536865314655785e+00,1.291223712962119841e+01,1.014158562779188344e+01,3.532295595237158636e+01
5.250000000000000000e+00,5.417415657951241137e+00,1.068138902001495438e+01,7.427858217657228757e+00,1.070966323329438907e+01,5.190249968454165419e+00,3.515650083800679937e+01
5.300000000000000711e+00,8.696598579436043863e+00,1.659076626641418883e+01,1.101259476964125739e+01,7.810903847465930028e+00,2.243785922196430693e+00,3.230942514331858462e+01
5.350000000000000533e+00,1.314721726249711686e+01,2.255176348150346755e+01,1.986306194938715919e+01,5.335614357265993313e+00,1.320006863722496870e+00,2.879582736706027646e+01
5.400000000000000355e+00,1.710286649244796919e+01,2.209948411751627262e+01,3.406077438244597744e+01,3.695111477170172076e+00,1.427425568154700120e+00,2.548472540320359059e+01
5.450000000000000178e+00,1.693180252454573420e+01,1.088119293331412152e+01,4.375022506508715026e+01,2.877518593205395714e+00,1.992589523801581830e+00,2.253858528459057453e+01
5.500000000000000000e+00,1.187204075704751460e+01,-7.308288856157296731e-01,4.155298007152056528e+01,2.662124409714262008e+00,2.782447895998074738e+00,1.999777059671169965e+01
5.550000000000000711e+00,5.751709580766491747e+00,-5.223916172199952968e+00,3.503063933566612320e+01,2.889854965130636888e+00,3.816905635496725679e+00,1.791189625682498843e+01
5.600000000000000533e+00,1.260267254985335317e+00,-5.750559924418042534e+00,2.979651934562759408e+01,3.535961186115575750e+00,5.286623157377118964e+00,1.635367656648922718e+01
5.650000000000000355e+00,-1.445315065617425621e+00,-5.511739167363937320e+00,2.613899902358576455e+01,4.664875083764572494e+00,7.425567266700507929e+00,1.553259810473498170e+01
5.700000000000000178e+00,-3.052256093631178224e+00,-5.629657944702834094e+00,2.347906592240654433e+01,6.361973226375484458e+00,1.036596678967110741e+01,1.589054523594979607e+01
5.750000000000000000e+00,-4.199520757978424612e+00,-6.350411307703625496e+00,2.156903412575695356e+01,8.688602895983423835e+00,1.389957263536242493e+01,1.820707926584939429e+01
5.800000000000000711e+00,-5.310707952407100585e+00,-7.684328254887925702e+00,2.043762966103158973e+01,1.143458168656944807e+01,1.681654918755796047e+01,2.330326699484545117e+01
5.850000000000000533e+00,-6.628128690661879041e+00,-9.553765593469185191e+00,2.029624306968466030e+01,1.369929185741044009e+01,1.659785168356560803e+01,3.052760365173138624e+01
5.900000000000000355e+00,-8.234752920901685869e+00,-1.169597135638584717e+01,2.147719509190857679e+01,1.400394116493981755e+01,1.183887131547273697e+01,3.625060242610139483e+01
5.950000000000000178e+00,-9.999330712886179029e+00,-1.344956535404752707e+01,2.422551174839535904e+01,1.174379040887629522e+01,5.435636200657170569e+00,3.700806437705399077e+01
6.000000000000000000e+00,-1.148469370729036498e+01,-1.373943300413599289e+01,2.816793014032981191e+01,8.267425429325045982e+00,1.340585408363758724e+00,3.389575255634814965e+01
6.050000000000000711e+00,-1.203534622371759433e+01,-1.183123739460764590e+01,3.183925898288876155e+01,5.175711711886789246e+00,-1.434955128511022915e-03,2.985615854004212366e+01
6.100000000000000533e+00,-1.125682634953499317e+01,-8.465327727142030412e+00,3.346194298220672891e+01,3.042450588579366233e+00,-4.878065684598299756e-02,2.615580790266930933e+01
6.150000000000000355e+00,-9.470158785004523239e+00,-5.399393920157627313e+00,3.262058399521487928e+01,1.878518375429552245e+00,3.509884144461358213e-01,2.291070594473907818e+01
6.200000000000000178e+00,-7.452699151559860624e+00,-3.667340618303070343e+00,3.029580270306393075e+01,1.365623777082584089e+00,8.376990616240084231e-01,2.006580786694921414e+01
6.250000000000000000e+00,-5.825878211716800870e+00,-3.176947583674199826e+00,2.754253820703667799e+01,1.222996912042815909e+00,1.308511280256757559e+00,1.762144830818365904e+01
6.300000000000000711e+00,-4.827923484250057129e+00,-3.475472995929403286e+00,2.491122726438345580e+01,1.348840576375356815e+00,1.893673099047054498e+00,1.552824786865652484e+01
6.350000000000000533e+00,-4.449489110547112602e+00,-4.259341291020498410e+00,2.262532445327556729e+01,1.747396908617300904e+00,2.788700422355641528e+00,1.376748398523005257e+01
6.400000000000000355e+00,-4.612965234967180805e+00,-5.439264588533397671e+00,2.081698269614277308e+01,2.439266219978049932e+00,4.156182142631892340e+00,1.238418554396065296e+01
6.450000000000000178e+00,-5.266166994190277784e+00,-7.049936498971305809e+00,1.965222977542278926e+01,3.526463253434611644e+00,6.237625127473951814e+00,1.154446226135240572e+01
6.500000000000000000e+00,-6.396138576673378928e+00,-9.128484352073826358e+00,1.940211404674794693e+01,5.230102069911839457e+00,9.403122301743714218e+00,1.169224478976184933e+01
6.550000000000000711e+00,-7.979570712821854706e+00,-1.153590758384882342e+01,2.046830487274508314e+01,7.779172661385731935e+00,1.381254832639643304e+01,1.379427286561004706e+01
6.600000000000000533e+00,-9.861783646772254386e+00,-1.368530009573269801e+01,2.323698898825315595e+01,1.115676982718333576e+01,1.847796683846805621e+01,1.937353559744037312e+01
6.650000000000000355e+00,-1.158819735658032002e+01,-1.440018320771846128e+01,2.752496898188286778e+01,1.453303275352262425e+01,1.994238810272792506e+01,2.895980055901599570e+01
6.700000000000000178e+00,-1.240073221412991344e+01,-1.262011909558269451e+01,3.185608436292568868e+01,1.578254749737332929e+01,1.441898389904298661e+01,3.819200161645066771e+01
6.750000000000000000e+00,-1.172879763718879076e+01,-8.913752226340056595e+00,3.405393072327215265e+01,1.321317478855829464e+01,5.089859680056567193e+00,4.028880763203822823e+01
6.800000000000000711e+00,-9.823426813799390089e+00,-5.343156983071662758e+00,3.337436321841200737e+01,8.541731220874465791e+00,-9.243935632600375207e-01,3.615936852429566528e+01
6.850000000000000533e+00,-7.565708283034274118e+00,-3.274736460321317821e+00,3.090807264003654353e+01,4.424155793728234976e+00,-2.638631363806899000e+00,3.107060185158662335e+01
6.900000000000000355e+00,-5.704502372199450555e+00,-2.639003169829907680e+00,2.793124850946262683e+01,1.538437301003520163e+00,-2.783752475431926499e+00,2.690544627277816758e+01
6.950000000000000178e+00,-4.527967936973789520e+00,-2.873259322365261603e+00,2.508273151039671234e+01,-1.196444511088381180e-01,-2.627329899376004807e+00,2.349507608915281764e+01
7.000000000000000000e+00,-4.017928067724221286e+00,-3.594525224111865036e+00,2.258374884120239656e+01,-1.051607468740071383e+00,-2.623891386890847777e+00,2.057447951671180064e+01
7.050000000000000711e+00,-4.071703081664654889e+00,-4.686365232022286165e+00,2.053706804828734533e+01,-1.803999830876356070e+00,-3.168655752690783256e+00,1.820236253043320573e+01
7.100000000000000533e+00,-4.619928941736472616e+00,-6.196187892865995472e+00,1.907053654173395429e+01,-2.608921638108985253e+00,-4.263747498495965793e+00,1.634877769200822684e+01
7.150000000000000355e+00,-5.653412578363812280e+00,-8.219976508910750823e+00,1.841578320346839703e+01,-3.593831813962172106e+00,-5.920876601647909077e+00,1.504370242605511976e+01
7.200000000000000178e+00,-7.189053416090660065e+00,-1.075152659309574688e+01,1.897049298192782274e+01,-4.995555954049989644e+00,-8.374618950239078430e+00,1.457771628779557993e+01
7.250000000000000000e+00,-9.165798395123804454e+00,-1.340671505890152204e+01,2.126312838955956508e+01,-7.065825403709198760e+00,-1.181916965165812705e+01,1.563461819311052281e+01
7.300000000000000711e+00,-1.124937199985527414e+01,-1.507842195034315225e+01,2.553497810439586146e+01,-9.790722498445253663e+00,-1.568679294533256474e+01,1.920023138787624006e+01
7.350000000000000533e+00,-1.267241726626200027e+01,-1.420492839728635914e+01,3.075956238360886275e+01,-1.270053897397233023e+01,-1.799390094189845968e+01,2.589428091654012221e+01
7.400000000000000355e+00,-1.255547278485113516e+01,-1.050564843477155819e+01,3.438410675787573467e+01,-1.451104492622391362e+01,-1.576608935625189822e+01,3.381742720545891245e+01
7.450000000000000178e+00,-1.078608078447042118e+01,-6.094339757962393023e+00,3.463431151826686261e+01,-1.368026052563149264e+01,-9.148958355970107093e+00,3.809465050751700232e+01
7.500000000000000000e+00,-8.252470208688860609e+00,-3.170309899562348654e+00,3.231370259669924394e+01,-1.044507586622689210e+01,-2.899478921605288750e+00,3.669826026566224186e+01
7.550000000000000711e+00,-5.965398729699145086e+00,-2.051633788564752869e+00,2.910421174194569360e+01,-6.744614123773319037e+00,4.559908374492840921e-02,3.258953447882375087e+01
7.600000000000000533e+00,-4.401828158763128940e+00,-2.058672353790160336e+00,2.594646124119868347e+01,-3.851469026252873018e+00,7.496233932414142487e-01,2.844484538916842453e+01
7.650000000000000355e+00,-3.587176621122634579e+00,-2.621515416200622006e+00,2.313137055858761570e+01,-2.066440076228532874e+00,5.267571473691238237e-01,2.488552206575462478e+01
7.700000000000000178e+00,-3.388060498444831925e+00,-3.517833271098628867e+00,2.073501710206032556e+01,-1.166753936912094503e+00,5.247843361952232721e-02,2.174309763909336723e+01
7.750000000000000000e+00,-3.691020424985953508e+00,-4.761508784647708659e+00,1.882399868822866651e+01,-7.488697060334116307e-01,-3.067259800798214919e-01,1.899838021171505531e+01
7.800000000000000711e+00,-4.460384113513075732e+00,-6.480742953008395091e+00,1.753858545765432808e+01,-6.004744307268430337e-01,-5.803631923893610711e-01,1.664900228813453253e+01
7.850000000000000533e+00,-5.731334619300299416e+00,-8.815871141052671334e+00,1.716762115078252293e+01,-6.728062258386253713e-01,-9.478930254804258659e-01,1.460793582409754521e+01
7.900000000000000355e+00,-7.553804143446572361e+00,-1.174218906250680661e+01,1.822755584559487829e+01,-9.133159914291349990e-01,-1.494144240875265872e+00,1.281930688496301229e+01
7.950000000000000178e+00,-9.848058364075972904e+00,-1.468690013325585930e+01,2.139219810242281739e+01,-1.290639368218140959e+00,-2.268574464488803510e+00,1.129169877416017975e+01
8.000000000000000000e+00,-1.213638016789350438e+01,-1.608731363251627045e+01,2.681767040238447208e+01,-1.911174574489214129e+00,-3.498892026620980200e+00,1.006570629106095005e+01
8.050000000000000711e+00,-1.338787907264155308e+01,-1.407184274244506916e+01,3.275711834551535162e+01,-2.951329108127527245e+00,-5.527343279701389278e+00,9.281838618126894147e+00
8.099999999999999645e+00,-1.264729060377775127e+01,-9.097045699799677365e+00,3.588089562741814120e+01,-4.609998406477322952e+00,-8.714564694685570601e+00,9.334939929747836374e+00
8.150000000000000355e+00,-1.017640581507077435e+01,-4.326245691131653359e+00,3.494870409686437540e+01,-7.155606692354575138e+00,-1.336859243248981244e+01,1.117121045097517928e+01
8.200000000000001066e+00,-7.255143975738675088e+00,-1.774330552614578949e+00,3.176266361911587310e+01,-1.076812668683470875e+01,-1.896614558334748324e+01,1.664703207654321915e+01
8.250000000000000000e+00,-4.907867302647236585e+00,-1.084946444572919111e+00,2.817091215341277177e+01,-1.476842185495895876e+01,-2.191165704720288687e+01,2.725855894454709727e+01
8.300000000000000711e+00,-3.434959265280217000e+00,-1.316769949791854133e+00,2.487424532319756310e+01,-1.675248681580212207e+01,-1.651190725517655977e+01,3.881770705548913014e+01
8.349999999999999645e+00,-2.722882442536969094e+00,-1.923874103194422869e+00,2.199444150314777247e+01,-1.426566699307510788e+01,-5.398476390756671961e+00,4.225962117075051339e+01
8.400000000000000355e+00,-2.578106237284534696e+00,-2.755274744385535435e+00,1.953294600220632304e+01,-8.974969918447298411e+00,2.003501744798772854e+00,3.775826075628709333e+01
8.450000000000001066e+00,-2.874523665905113656e+00,-3.874529980622590131e+00,1.751207569961701438e+01,-4.221729381042854889e+00,3.985771937062987380e+00,3.199561008538680085e+01
8.500000000000000000e+00,-3.585314800815959657e+00,-5.450004047293487197e+00,1.602488870313310443e+01,-9.294662934611974681e-01,4.149328911276553455e+00,2.758066743825010647e+01
8.550000000000000711e+00,-4.771993471931346598e+00,-7.694730223785874124e+00,1.530337723129144578e+01,9.645310159390451110e-01,3.914050273738994612e+00,2.418985374258136289e+01
8.599999999999999645e+00,-6.547578118750487342e+00,-1.075495047469260257e+01,1.583484955440012243e+01,2.091243316709167299e+00,4.028019008496281472e+00,2.133499090874492410e+01
8.650000000000000355e+00,-8.968471762346419851e+00,-1.436809661474263855e+01,1.845081649562891712e+01,3.040681271036815403e+00,4.852833719864400486e+00,1.916475869440013469e+01
8.700000000000001066e+00,-1.175440904172605983e+01,-1.715897018349511782e+01,2.394317457060166987e+01,4.092343111139856937e+00,6.336371980831618345e+00,1.774707539632526476e+01
8.750000000000000000e+00,-1.389034662449432389e+01,-1.646878367004328325e+01,3.138974118581879225e+01,5.382180433860423996e+00,8.429835432934542183e+00,1.714570606861413538e+01
8.800000000000000711e+00,-1.389868241198146315e+01,-1.120609591734322485e+01,3.677313549578186525e+01,7.158708059891486286e+00,1.122709055749035656e+01,1.786998594695144504e+01
8.849999999999999645e+00,-1.143973728795379863e+01,-4.852707369956773320e+00,3.694701321881648681e+01,9.455243047651855193e+00,1.427457609318518905e+01,2.067432781886027726e+01
8.900000000000000355e+00,-7.938970072509156317e+00,-1.067320597984391384e+00,3.358803290192985003e+01,1.184321211191443268e+01,1.607554765249827966e+01,2.581055511461412522e+01
8.950000000000001066e+00,-4.919976209870929651e+00,1.222706402201602927e-01,2.949809401250593055e+01,1.337249173232936705e+01,1.467073106935629490e+01,3.187743570574774310e+01
9.000000000000000000e+00,-2.925546723123130022e+00,6.873818733469394537e-02,2.578845456779630396e+01,1.297577481354354489e+01,9.943223286569310204e+00,3.568608016438285802e+01
9.050000000000000711e+00,-1.833312302753505207e+00,-3.564490740350377274e-01,2.258228414059121292e+01,1.062756527095760539e+01,4.825362818451626623e+00,3.533134434478940022e+01
9.099999999999999645e+00,-1.356856535280009490e+00,-8.524765360265597058e-01,1.980655347104573849e+01,7.626268921235243248e+00,1.889611931116507826e+00,3.229816917123404352e+01
9.150000000000000355e+00,-1.272693819846962171e+00,-1.402840414268716085e+00,1.740187707835183417e+01,5.105222447018574528e+00,1.019401683347690657e+00,2.868585035594179544e+01
9.200000000000001066e+00,-1.466065633064877805e+00,-2.103640842757332763e+00,1.534037209388176493e+01,3.450025377098918877e+00,1.150066749610007433e+00,2.532511907168075993e+01
9.250000000000000000e+00,-1.917986972898734210e+00,-3.108659226566151457e+00,1.362975840297864139e+01,2.624850176181948047e+00,1.700400078018998506e+00,2.234331804691090895e+01
9.300000000000000711e+00,-2.689893065646288939e+00,-4.632746332797095690e+00,1.234234666046865136e+01,2.386938030299617264e+00,2.435213932699947570e+00,1.976682770266511113e+01
9.349999999999999645e+00,-3.919482824973009372e+00,-6.965519929339193617e+00,1.169275271108073433e+01,2.572016685289896021e+00,3.382099104724180183e+00,1.762934581360972430e+01
9.400000000000000355e+00,-5.813112215931155902e+00,-1.041693166586050268e+01,1.220611525291909061e+01,3.151808609993867805e+00,4.733255389035866401e+00,1.597615170701527809e+01
9.450000000000001066e+00,-8.568881865820790367e+00,-1.497011157568336515e+01,1.497245567875252448e+01,4.187337703847193282e+00,6.729582580929961644e+00,1.497486718680499962e+01
9.500000000000000000e+00,-1.205249282978538083e+01,-1.921292340930537534e+01,2.151223465214832231e+01,5.771511202479399749e+00,9.552679582076139653e+00,1.500744120370086954e+01
9.550000000000000711e+00,-1.508697321387928092e+01,-1.920444064716686938e+01,3.153061577334478116e+01,8.014786526370469844e+00,1.316375743812451837e+01,1.681902577332395055e+01
9.600000000000001421e+00,-1.540462254154812527e+01,-1.219892261067988670e+01,3.932278338995359235e+01,1.082879219252692238e+01,1.665712794577257228e+01,2.141006246740774799e+01
9.650000000000000355e+00,-1.218937119617517517e+01,-3.394043985777668304e+00,3.944344374460462177e+01,1.347818670159257337e+01,1.755268342030932871e+01,2.877543528837874831e+01
9.700000000000001066e+00,-7.569236681942186351e+00,1.331289620253670147e+00,3.487569320365787462e+01,1.443294952825115018e+01,1.353042977949282211e+01,3.572960917966471328e+01
9.750000000000000000e+00,-3.741289572171324185e+00,2.516139607321942862e+00,2.999213026300641971e+01,1.260857806998880193e+01,6.623879278844953866e+00,3.781835443103031480e+01
9.800000000000000711e+00,-1.284145323557740914e+00,2.420872276670680723e+00,2.596808672665269668e+01,9.041017161939345570e+00,1.553458419727081763e+00,3.509833517190084962e+01
9.850000000000001421e+00,1.268070896557488836e-01,2.229152132865670932e+00,2.267186863562300658e+01,5.623506797761663734e+00,-3.361043083662754172e-01,3.089124929234588279e+01
9.900000000000000355e+00,9.619655876002201067e-01,2.320600192924241689e+00,1.990355444015578357e+01,3.156040316834205495e+00,-5.590210737802194796e-01,2.697985119135773857e+01
9.950000000000001066e+00,1.584154371967498864e+00,2.795017029952985510e+00,1.757242139828921523e+01,1.725299267275901549e+00,-2.501726834668392407e-01,2.358415930620849821e+01
1.000000000000000000e+01,2.242070525939874770e+00,3.724870550185190865e+00,1.566974343680994686e+01,1.034106807654090021e+00,1.557208349966059946e-01,2.060605759942249193e+01
1.005000000000000071e+01,3.127243796337187742e+00,5.246589960527156649e+00,1.427416618132341597e+01,7.278349896316360645e-01,4.577361431250742685e-01,1.803923311990730838e+01
1.010000000000000142e+01,4.426401718251076645e+00,7.571834595860012840e+00,1.361981975817130497e+01,6.512751769381253109e-01,7.331043409240106667e-01,1.582362023567208986e+01
1.015000000000000036e+01,6.337991274863710167e+00,1.089166910373280217e+01,1.424203330392571409e+01,7.624431613477838932e-01,1.121777817011982314e+00,1.389267460597853976e+01
1.020000000000000107e+01,8.991068358474304745e+00,1.498662722706975359e+01,1.713604736065953560e+01,1.034606447763981363e+00,1.711234718426519086e+00,1.221847786612402409e+01
1.025000000000000000e+01,1.212997052693333977e+01,1.830056328927253162e+01,2.339683016418975114e+01,1.469468137898027660e+00,2.582837227792683876e+00,1.080417913390289009e+01
1.030000000000000071e+01,1.457713212553606397e+01,1.749382139266927538e+01,3.209507325738805861e+01,2.185307325736336903e+00,3.982496125987269320e+00,9.714050176508482792e+00
1.035000000000000142e+01,1.450279985951218720e+01,1.112255054739065052e+01,3.820066523606865871e+01,3.359339329583638456e+00,6.258836967663074624e+00,9.145497532678966479e+00
1.040000000000000036e+01,1.153641034685262134e+01,3.775378420225659504e+00,3.795101182871459145e+01,5.214389390280292247e+00,9.803691496174602449e+00,9.593239778147902186e+00
1.045000000000000107e+01,7.510955200934762210e+00,-2.078801082829649094e-01,3.390816841403231763e+01,8.017253495437564936e+00,1.482963086234027017e+01,1.219705431392759287e+01
1.050000000000000000e+01,4.183800424761075831e+00,-1.271667483184262704e+00,2.944438234040642399e+01,1.181526941277823539e+01,2.019472642708088017e+01,1.895294706578308563e+01
1.055000000000000071e+01,2.043679434875349088e+00,-1.161781849300862701e+00,2.559132031530713647e+01,1.555518230577506067e+01,2.132613225615725838e+01,3.050709246076509373e+01
1.060000000000000142e+01,8.508305069661783460e-01,-8.453018575586052075e-01,2.233131866917081965e+01,1.651929091500093705e+01,1.374276131855480543e+01,4.067770007930412390e+01
1.065000000000000036e+01,2.331651097478567025e-01,-6.357377834617690127e-01,1.952626510433854534e+01,1.294573356233789596e+01,2.921912829685918034e+00,4.145711645119082789e+01
1.070000000000000107e+01,-9.244499264928761340e-02,-5.826037461858970534e-01,1.708737270878291881e+01,7.577898924396825997e+00,-2.900471215886128107e+00,3.603067505836171591e+01
1.075000000000000000e+01,-3.002601095751811777e-01,-6.742717748869739847e-01,1.496036853712271331e+01,3.241729327171501751e+00,-4.109790745242615451e+00,3.062614977062686350e+01
1.080000000000000071e+01,-4.930509809564908585e-01,-9.128010995494483248e-01,1.310763894523664241e+01,2.834647283941710283e-01,-4.182428295182458733e+00,2.656953186008325218e+01
1.085000000000000142e+01,-7.415979540882791099e-01,-1.338360749236360281e+00,1.150375479040889637e+01,-1.362396593105525078e+00,-4.090558466795106263e+00,2.334282726654130258e+01
1.090000000000000036e+01,-1.115340880782748734e+00,-2.043920785041262622e+00,1.014063440965643892e+01,-2.417303835842160353e+00,-4.389127114800895235e+00,2.069866865025483804e+01
1.095000000000000107e+01,-1.708028878455457367e+00,-3.197459412466529649e+00,9.046376780179475219e+00,-3.430048322957927720e+00,-5.441594442546568544e+00,1.879597317822498326e+01
1.100000000000000000e+01,-2.664532126671848911e+00,-5.075392463407764509e+00,8.336600282544699425e+00,-4.623703111699060564e+00,-7.193465028828353702e+00,1.767698795100456266e+01
1.105000000000000071e+01,-4.209518963887037835e+00,-8.084762835804202297e+00,8.346480447394238666e+00,-6.099674726235337019e+00,-9.556306384819372113e+00,1.753612615175592993e+01
1.110000000000000142e+01,-6.651737433662179733e+00,-1.264595365079396672e+01,9.931212774479551086e+00,-8.067755783331287844e+00,-1.248591097926096616e+01,1.899101968334896640e+01
1.115000000000000036e+01,-1.023468553590144303e+01,-1.846311424770263443e+01,1.489106871001911792e+01,-1.045009631111467208e+01,-1.520972493290920546e+01,2.274380353459165249e+01
1.120000000000000107e+01,-1.447791931165968649e+01,-2.242746106480478119e+01,2.524078586929617529e+01,-1.258717238225542800e+01,-1.586739251517330729e+01,2.849295092610467961e+01
1.125000000000000000e+01,-1.704636857682578466e+01,-1.817983660106826349e+01,3.795706427318130238e+01,-1.338489797253166813e+01,-1.296591063314625636e+01,3.389302657869826874e+01
1.130000000000000071e+01,-1.508404988052447315e+01,-6.565672358882672199e+00,4.287833065883676653e+01,-1.212290895481323361e+01,-7.808650619601455567e+00,3.592100290805598206e+01
1.135000000000000142e+01,-9.709593200701522875e+00,1.900914206879329438e+00,3.868570949344162813e+01,-9.412641169835818999e+00,-3.573824152359846185e+00,3.421793101810654036e+01
1.140000000000000036e+01,-4.445898639718969925e+00,4.517923540362353663e+00,3.274812757339664415e+01,-6.591178621519878433e+00,-1.599843353943553037e+00,3.084433015819002222e+01
1.145000000000000107e+01,-8.592968398948330755e-01,4.644020359040982981e+00,2.812255892506446386e+01,-4.467447489278574047e+00,-1.190334965391002475e+00,2.737886318511019468e+01
1.150000000000000000e+01,1.261907347384641609e+00,4.472238820584162333e+00,2.467861732807062936e+01,-3.232321617297854388e+00,-1.573789848228451804e+00,2.424119655150873243e+01
1.155000000000000071e+01,2.559754677136210077e+00,4.719020110502337495e+00,2.201883666647398741e+01,-2.718354716853808029e+00,-2.294282627665436447e+00,2.145286653589352710e+01
1.160000000000000142e+01,3.567070926014268117e+00,5.554049164825428875e+00,2.000838743391524943e+01,-2.707795549851592654e+00,-3.197887046490334395e+00,1.908300213228690723e+01
1.165000000000000036e+01,4.641294661896481877e+00,7.027051618175025993e+00,1.871671625002600337e+01,-3.124962156322918183e+00,-4.421651645985724244e+00,1.720381398330928846e+01
1.170000000000000107e+01,6.012389707507734826e+00,9.152985052483325390e+00,1.839560172017208473e+01,-4.003698268156984597e+00,-6.209209638637261719e+00,1.593433579848630188e+01
1.175000000000000000e+01,7.798223994778026302e+00,1.178158345640336968e+01,1.949464416301836778e+01,-5.400420282434253316e+00,-8.738904557440498877e+00,1.557391368613775207e+01
1.180000000000000071e+01,9.919032888405290294e+00,1.426858041056207149e+01,2.252396393776371752e+01,-7.398832642792007697e+00,-1.203280950442237263e+01,1.673277903902149433e+01
1.185000000000000142e+01,1.190979667233577644e+01,1.520637912292217564e+01,2.740385122738849333e+01,-9.989409174638552713e+00,-1.554132213459167922e+01,2.032677816279647232e+01
1.190000000000000036e+01,1.288125684154464778e+01,1.319231905126050286e+01,3.244712862872975734e+01,-1.267335956972075373e+01,-1.734298136288966674e+01,2.675383965696072153e+01
1.195000000000000107e+01,1.211525060854909874e+01,8.851075519901838717e+00,3.495946650743368167e+01,-1.416988060914079028e+01,-1.487161833436384306e+01,3.387803897699319577e+01
1.200000000000000000e+01,9.911427600678850425e+00,4.760600257758827780e+00,3.407063628057461813e+01,-1.318988834222921547e+01,-8.738312062915500888e+00,3.737301997514985885e+01
1.205000000000000071e+01,7.342907545824978399e+00,2.516759510177251524e+00,3.122678832428476881e+01,-1.012757877919957750e+01,-3.179216766526096638e+00,3.587506610318564526e+01
1.210000000000000142e+01,5.270313226694302244e+00,1.888821975910482509e+00,2.794368754056918647e+01,-6.718242285509671952e+00,-5.459592169625478997e-01,3.203231721526861975e+01
1.215000000000000036e+01,3.974918813790092820e+00,2.143063475909447124e+00,2.487323595032527379e+01,-4.076354527202637357e+00,8.466436658280329652e-02,2.812158464375967171e+01
1.220000000000000107e+01,3.390130516672568373e+00,2.831091498897698511e+00,2.218534381045547477e+01,-2.472395661866176653e+00,-1.782825588354166602e-01,2.468846019604326258e+01
1.225000000000000000e+01,3.372636413519541687e+00,3.830908099749435358e+00,1.993413553188272047e+01,-1.693555131977782624e+00,-7.255223402862140958e-01,2.163049488234085516e+01
1.230000000000000071e+01,3.832244897026001240e+00,5.210628017885406749e+00,1.819997075514960372e+01,-1.400172947456105543e+00,-1.259155818416128891e+00,1.896418582350479554e+01
1.235000000000000142e+01,4.761438110810751745e+00,7.119753293149544859e+00,1.716042101891564897e+01,-1.433764537601752487e+00,-1.854793278880968010e+00,1.670094523972743872e+01
1.240000000000000036e+01,6.213136617678140183e+00,9.679461341079592884e+00,1.717173668934218256e+01,-1.781708694281705307e+00,-2.735228078662078843e+00,1.479794351862976320e+01
1.245000000000000107e+01,8.223075357239077121e+00,1.275176881091573478e+01,1.883429262145382310e+01,-2.442850806767161043e+00,-4.068127790300879454e+00,1.327683688395745953e+01
1.250000000000000000e+01,1.062308612662346441e+01,1.547809527024717369e+01,2.279814021087917553e+01,-3.476350045090651708e+00,-6.047569893596501878e+00,1.229437654715586170e+01
1.255000000000000071e+01,1.274954067435498040e+01,1.598150610485615886e+01,2.878434219810731420e+01,-5.088091210639077211e+00,-9.021387716359495101e+00,1.224628739162939794e+01
1.260000000000000142e+01,1.345265872476723956e+01,1.275801363640091424e+01,3.427750737353261457e+01,-7.509322630520402164e+00,-1.318817114720070904e+01,1.400493446372946238e+01
1.265000000000000036e+01,1.204506839515085836e+01,7.383193414382041020e+00,3.609243212949721880e+01,-1.073879173782896324e+01,-1.777075168605650646e+01,1.898582927530386399e+01
1.270000000000000107e+01,9.238580950506463552e+00,3.173905548422476741e+00,3.415058759642534625e+01,-1.406780874626325151e+01,-1.975396625025027220e+01,2.787402850132436782e+01
1.275000000000000000e+01,6.385068186776802435e+00,1.301536169473964888e+00,3.064803271695053155e+01,-1.560251793762412120e+01,-1.524416602302416557e+01,3.710000573364194310e+01
1.280000000000000071e+01,4.285703696701489207e+00,9.956630203569959425e-01,2.708409480810156111e+01,-1.357146759686323989e+01,-6.381822596758667032e+00,4.007545726150473797e+01
1.285000000000000142e+01,3.060062492920815114e+00,1.380542939942536185e+00,2.389626629527970181e+01,-9.206579029604059272e+00,-6.213857242040184137e-02,3.664619070520721777e+01
1.290000000000000036e+01,2.534779640400115941e+00,2.048207850508307448e+00,2.113083126927900324e+01,-5.087772153377305706e+00,2.038182949352172812e+00,3.164284558798870961e+01
1.295000000000000107e+01,2.523387734217974909e+00,2.931225455818429193e+00,1.878227823044243294e+01,-2.168841936927857539e+00,2.320556858715088211e+00,2.741406461354617363e+01
1.300000000000000000e+01,2.926798353657984908e+00,4.133426678319569447e+00,1.688295152898002982e+01,-4.902430091406140278e-01,2.034726507875451063e+00,2.393543226236242560e+01
1.305000000000000071e+01,3.745772843163678534e+00,5.844185368383190138e+00,1.554850891640469612e+01,4.255520234603962226e-01,1.859842097327321531e+00,2.088036319579388334e+01
1.310000000000000142e+01,5.064070923369921040e+00,8.283249746707973316e+00,1.505755395238389838e+01,1.064056272649862134e+00,2.125631354370984383e+00,1.832091340484647546e+01
1.315000000000000036e+01,7.003147122271366598e+00,1.155870124172851732e+01,1.598082341085920710e+01,1.644000601899129776e+00,2.786024981156357772e+00,1.623155010232497375e+01
1.320000000000000107e+01,9.584827092711801555e+00,1.523596007195655844e+01,1.923475313432452793e+01,2.273951813866884830e+00,3.807565468694541710e+00,1.451967056692743618e+01
1.325000000000000000e+01,1.239588885429606435e+01,1.756912530216207458e+01,2.546854152557549256e+01,3.191243222481286779e+00,5.453240459646282012e+00,1.329376693215250427e+01
1.330000000000000071e+01,1.421696238535791146e+01,1.576955575674466559e+01,3.305342504310288376e+01,4.617613899961880541e+00,8.028460606807897193e+00,1.288949928236678844e+01
1.335000000000000142e+01,1.361452529890481777e+01,9.683903099964043193e+00,3.746482988259038649e+01,6.698250929607265647e+00,1.165509747632158977e+01,1.390574530508687623e+01
1.340000000000000036e+01,1.069414560005690085e+01,3.589767317373755873e+00,3.651768429112023284e+01,9.523381873138694331e+00,1.596675386143728659e+01,1.743791043756643688e+01
1.345000000000000107e+01,7.131338247156318921e+00,4.558555208967620120e-01,3.272089729556314808e+01,1.276868884043987862e+01,1.901493443878644740e+01,2.460562402267067839e+01
1.350000000000000000e+01,4.285567943331685115e+00,-3.328393320128221755e-01,2.862442883742115285e+01,1.502809360296949848e+01,1.710169991232480413e+01,3.377051473492737443e+01
1.355000000000000071e+01,2.493208006294626244e+00,-1.427266339283418117e-01,2.500748963029309380e+01,1.436870248894936353e+01,9.687800505424444708e+00,3.913273544834961370e+01
1.360000000000000142e+01,1.546333784732250471e+00,2.918224847770707897e-01,2.189099616871152065e+01,1.080026633609887554e+01,2.355309108992074574e+00,3.774164611964330618e+01
1.365000000000000036e+01,1.150685409162701234e+00,7.531013288126411354e-01,1.918998437818805058e+01,6.672744158879521770e+00,-1.022246312888802189e+00,3.318253318378192773e+01
1.370000000000000107e+01,1.098359179347551562e+00,1.254109949524133905e+00,1.684613638320170637e+01,3.464697176939471213e+00,-1.683280021429124140e+00,2.873159696986792966e+01
1.375000000000000000e+01,1.289304567482358221e+00,1.894082444105543273e+00,1.482997685969007406e+01,1.423417666998158193e+00,-1.543785764624234558e+00,2.500075278934927425e+01
1.380000000000000071e+01,1.712189063981316206e+00,2.819812717815695979e+00,1.314266002256291266e+01,3.507485204924442046e-01,-1.250523511659437093e+00,2.178663304034852644e+01
1.385000000000000142e+01,2.429652552228739992e+00,4.236903972622918957e+00,1.184118693224073660e+01,-2.665283707399039859e-01,-1.207876891811307418e+00,1.902902733057770490e+01
1.390000000000000036e+01,3.577457842186999581e+00,6.432387958680751971e+00,1.110765031412821102e+01,-7.151844850485843397e-01,-1.474353147597192715e+00,1.670176986323733104e+01
1.395000000000000107e+01,5.365412601154779360e+00,9.746925694740275148e+00,1.140659486875085626e+01,-1.133239185118166015e+00,-2.008057503890024353e+00,1.471224375682376717e+01
1.400000000000000000e+01,8.025129250190216723e+00,1.430127250534524386e+01,1.375866125645421434e+01,-1.626182400123474370e+00,-2.848377609309432401e+00,1.303152888177791624e+01
1.405000000000000071e+01,1.153797728687204405e+01,1.901666023470149014e+01,1.979266032833072231e+01,-2.396635336956399076e+00,-4.264557151647775157e+00,1.173146244010712635e+01
1.410000000000000142e+01,1.492226029096426565e+01,2.012075208374054114e+01,2.991249927247549323e+01,-3.602243578022321202e+00,-6.518645936502331928e+00,1.101196982054341511e+01
1.415000000000000036e+01,1.585091740907056312e+01,1.378266764868756233e+01,3.900678167938469443e+01,-5.436906286782382303e+00,-9.899514200366740013e+00,1.135191128353714873e+01
1.420000000000000107e+01,1.296462273498418050e+01,4.274175561548489100e+00,4.029063797630543320e+01,-8.137774349687319386e+00,-1.452562432001509229e+01,1.381682034910885370e+01
1.425000000000000000e+01,8.184031517436261893e+00,-1.327066039438337564e+00,3.585139048520727556e+01,-1.169388837878374687e+01,-1.929436878340229811e+01,2.011236105706937138e+01
1.430000000000000071e+01,4.024807624329384659e+00,-2.870606536201911307e+00,3.074857443606970975e+01,-1.506955797056605562e+01,-2.017976471946626305e+01,3.045634562973805615e+01
1.435000000000000142e+01,1.296935146605178391e+00,-2.846148862242547928e+00,2.656727000596687205e+01,-1.590519997980420364e+01,-1.349011145098478970e+01,3.941465229195222264e+01
1.440000000000000036e+01,-2.882135625412708402e-01,-2.662964884378149932e+00,2.319683909000321620e+01,-1.278741923319289242e+01,-3.852659850639648109e+00,4.039841980972506263e+01
1.445000000000000107e+01,-1.236250893057987410e+00,-2.787836713967751123e+00,2.040343134996818719e+01,-7.935438106219021570e+00,1.553854365587538089e+00,3.572160949866569979e+01
1.450000000000000000e+01,-1.950488082045891858e+00,-3.346635435704428119e+00,1.808642515981510002e+01,-3.868932195486483039e+00,2.921073350735056362e+00,3.058292172904356931e+01
1.455000000000000071e+01,-2.709961123203707078e+00,-4.420449332202096571e+00,1.625080110536522326e+01,-1.147238649381181474e+00,2.983000757844323392e+00,2.655040587002297414e+01
1.460000000000000142e+01,-3.726338213524631904e+00,-6.145765321406423176e+00,1.501406451195479974e+01,3.590696432850445374e-01,2.717752889321665144e+00,2.321041966300067116e+01
1.465000000000000036e+01,-5.193516892045741962e+00,-8.704168035480689625e+00,1.468460773041804757e+01,1.268864446602004481e+00,2.804426996489791435e+00,2.033077911390002868e+01
1.470000000000000107e+01,-7.284234310851960714e+00,-1.215463129143478582e+01,1.590113221143187872e+01,2.027872667150739439e+00,3.451305012166288932e+00,1.803405548380882450e+01
1.475000000000000000e+01,-1.001495730475551227e+01,-1.591531487390026456e+01,1.966039450888190387e+01,2.833380303207315709e+00,4.603198484221084463e+00,1.628794602087130272e+01
1.480000000000000071e+01,-1.287409049654466386e+01,-1.792496452635561610e+01,2.650749239383853606e+01,3.833148268421273652e+00,6.312063619482430887e+00,1.509675820290985904e+01
1.485000000000000142e+01,-1.447785839375385741e+01,-1.528732129314661314e+01,3.424247079645466130e+01,5.317303930710453486e+00,8.887753271638120012e+00,1.484146475968323919e+01
1.490000000000000036e+01,-1.342935974995342008e+01,-8.592962984576024255e+00,3.797582262656385410e+01,7.439798016375416267e+00,1.235518739847858605e+01,1.620137665609124156e+01
1.495000000000000107e+01,-1.016687183912060988e+01,-2.658043016595902586e+00,3.626778393751168750e+01,1.013358422934084224e+01,1.599992819289585633e+01,2.006400035885177147e+01
1.500000000000000000e+01,-6.533827925176759699e+00,6.875923559342494995e-02,3.217175730950160784e+01,1.287496696699493626e+01,1.776375222217097161e+01,2.681209500434400539e+01
1.505000000000000071e+01,-3.774681752547867752e+00,6.179127119642459087e-01,2.805251185845952833e+01,1.436049656007643449e+01,1.500154140613792109e+01,3.424607372482803669e+01
1.510000000000000142e+01,-2.089214977646844051e+00,3.632315358558425022e-01,2.448053790346206782e+01,1.323884388666483503e+01,8.445933321510828762e+00,3.773894068816842662e+01
1.515000000000000036e+01,-1.210018853429392083e+00,-4.004850748665694099e-02,2.141163287758499578e+01,9.991592043997636452e+00,2.706999348277860484e+00,3.597626656576953508e+01
1.520000000000000107e+01,-8.312201272014699827e-01,-4.175458919459455465e-01,1.874921638195174367e+01,6.504798420869440712e+00,1.572499936603914961e-01,3.194533914819678344e+01
1.525000000000000000e+01,-7.465471828941714350e-01,-7.885386802894882585e-01,1.643046958407930092e+01,3.842556895600737210e+00,-3.082186524079682521e-01,2.792708177931998748e+01
1.530000000000000071e+01,-8.540159456806906135e-01,-1.234748719074440171e+00,1.441678539287265082e+01,2.213837761933691528e+00,-4.096670592333810645e-02,2.441182823124307433e+01
1.535000000000000142e+01,-1.130325882657904790e+00,-1.867425090098877583e+00,1.268841184321354376e+01,1.419649280152785353e+00,4.268141621769807048e-01,2.133671984160556789e+01
1.540000000000000036e+01,-1.613150390084612251e+00,-2.839302971001695486e+00,1.125423677178175552e+01,1.096956444845856860e+00,8.525889215583321024e-01,1.868477061553321050e+01
1.545000000000000107e+01,-2.399728134883359232e+00,-4.375645208470094971e+00,1.018525617792603022e+01,1.062517851809908986e+00,1.290105243467272178e+00,1.641849863799119902e+01
1.550000000000000000e+01,-3.658934509625311637e+00,-6.804054034660734551e+00,9.700448258906549270e+00,1.262217038667656333e+00,1.890288708657931194e+00,1.447669463246434063e+01
1.555000000000000071e+01,-5.639606638255932225e+00,-1.051444165263755082e+01,1.036537916966739203e+01,1.698241226910980117e+00,2.805009772495998366e+00,1.285053596034981638e+01
1.560000000000000142e+01,-8.603493087929770411e+00,-1.558718863107755581e+01,1.343596165266328235e+01,2.395754340648615255e+00,4.172887271072037052e+00,1.158794018884778687e+01
1.565000000000000036e+01,-1.245957669373504295e+01,-2.048007731420933197e+01,2.082986099937305369e+01,3.501692298975642270e+00,6.290526041353093234e+00,1.086578989378350357e+01
1.570000000000000107e+01,-1.585706166464623479e+01,-2.037055155985325428e+01,3.239307246136596063e+01,5.235542326986159622e+00,9.528175509865754123e+00,1.113116095819366080e+01
1.575000000000000000e+01,-1.604187931065350980e+01,-1.187963654425279714e+01,4.102017384876295836e+01,7.812090007716630424e+00,1.403374181411174604e+01,1.334642067033979451e+01
1.580000000000000071e+01,-1.215973168574863372e+01,-1.909145993132617347e+00,4.039680548585949538e+01,1.121930505049054716e+01,1.883136837486465254e+01,1.906439507197073269e+01
1.585000000000000142e+01,-6.938230618074761935e+00,2.841427689654403288e+00,3.502074886736204462e+01,1.463064188564141510e+01,2.038488365747195274e+01,2.890990528364715573e+01
1.590000000000000036e+01,-2.817845260220817494e+00,3.788783498900092805e+00,2.989250774947338840e+01,1.588963980513864982e+01,1.472409847213747369e+01,3.841556510186224926e+01
1.595000000000000107e+01,-2.434803947847800076e-01,3.631921306930842253e+00,2.591701925770822612e+01,1.329621007701339330e+01,5.163014657341772562e+00,4.055310029991221654e+01
1.600000000000000000e+01,1.258093203350771461e+00,3.578727807274154404e+00,2.277999611848008144e+01,8.604984450236475624e+00,-9.401440147894961630e-01,3.634219949543268768e+01
1.605000000000000071e+01,2.239915576694475607e+00,3.981144914803471657e+00,2.025033192933203097e+01,4.495758451401482780e+00,-2.642885394067274518e+00,3.117327219863562604e+01
1.610000000000000142e+01,3.110037730037198411e+00,4.940711354600831662e+00,1.828069198720300648e+01,1.631981633430077183e+00,-2.720992794480557642e+00,2.693551532223085232e+01
1.615000000000000213e+01,4.149184075174633612e+00,6.544067631427940235e+00,1.697085643354949980e+01,-6.907979196661778731e-03,-2.513246050439228885e+00,2.346583305146509346e+01
1.619999999999999929e+01,5.565854567741059356e+00,8.888583150433802871e+00,1.660300166141954037e+01,-9.232000241059032941e-01,-2.484559831495396942e+00,2.050356883613627446e+01
1.625000000000000000e+01,7.502975748611222073e+00,1.192731946022137457e+01,1.772150432077352633e+01,-1.641158118543919686e+00,-2.975001196019790406e+00,1.809397312780952660e+01
1.630000000000000071e+01,9.926626092505037136e+00,1.504555953786684341e+01,2.107200456066177452e+01,-2.390142496236186798e+00,-3.977441275356837558e+00,1.618623356981864703e+01
1.635000000000000142e+01,1.235018645407918392e+01,1.653117302674455402e+01,2.686856584106882195e+01,-3.310169808148697879e+00,-5.524185096215193269e+00,1.479369101570803480e+01
1.640000000000000213e+01,1.365710306647737937e+01,1.429726639107504127e+01,3.320556420145171472e+01,-4.630697946021724576e+00,-7.854498569808006536e+00,1.416626414038629278e+01
1.644999999999999929e+01,1.280867365453643281e+01,8.896712137873317161e+00,3.640646333998680007e+01,-6.597922077393874929e+00,-1.120226488842278023e+01,1.491227798475305022e+01
1.650000000000000000e+01,1.013205354202341724e+01,3.872569069346332160e+00,3.524178884987303917e+01,-9.253687554429827600e+00,-1.519563777235893554e+01,1.799610725389695887e+01
1.655000000000000071e+01,7.041490564424825571e+00,1.305555108567897360e+00,3.181340697511431159e+01,-1.226859446967149125e+01,-1.816557690075974563e+01,2.430784903731675684e+01
1.660000000000000142e+01,4.605280162928115040e+00,6.692197553880152583e-01,2.808061196171475515e+01,-1.450346591688288633e+01,-1.694682102477715802e+01,3.261354629376739922e+01
1.665000000000000213e+01,3.093727425242165374e+00,9.205433506760152262e-01,2.470684896517258622e+01,-1.423179705472820267e+01,-1.060590641439994641e+01,3.806235192042645110e+01
1.669999999999999929e+01,2.354267193374990796e+00,1.492243391617705583e+00,2.177024538013536770e+01,-1.119446453577637968e+01,-3.673983877277127164e+00,3.746516012986342758e+01
1.675000000000000000e+01,2.167372866335215864e+00,2.234086523388873147e+00,1.924518287613535250e+01,-7.330661758920014037e+00,-9.619276495102252467e-02,3.342336711753102207e+01
1.680000000000000071e+01,2.391309508175283760e+00,3.208293012111570697e+00,1.712892401182055124e+01,-4.185727814514831557e+00,8.796097550146162458e-01,2.912498458704128979e+01
1.685000000000000142e+01,2.988560903580626871e+00,4.579976273298432154e+00,1.547634284679461381e+01,-2.160033513959333629e+00,8.068983946001511143e-01,2.546058885354215917e+01
1.690000000000000213e+01,4.015451232445473195e+00,6.575889226800931020e+00,1.445277700866160586e+01,-1.101801867568547033e+00,3.951155165837546557e-01,2.223086688761173235e+01
1.694999999999999929e+01,5.599791450611850685e+00,9.427605860997468668e+00,1.444347689307752880e+01,-5.734174716963413854e-01,9.409505803632520204e-02,1.938954662078095836e+01
1.700000000000000000e+01,7.875725446192493706e+00,1.314452420551086398e+01,1.620980775240835925e+01,-3.079430973738433996e-01,-5.161471516340233878e-02,1.697041332249180101e+01
1.705000000000000071e+01,1.077289389388807095e+01,1.686641549394195394e+01,2.082812800177211443e+01,-2.326523896418286608e-01,-1.981707535210795457e-01,1.488123882265943365e+01
1.710000000000000142e+01,1.356246313830155970e+01,1.804631261100433903e+01,2.847624401533590799e+01,-2.937742452543492533e-01,-4.277603293401951445e-01,1.303545930952406273e+01
1.715000000000000213e+01,1.464069222152358485e+01,1.400044533536165225e+01,3.592502982964015246e+01,-4.035196388227960118e-01,-6.996516432608114178e-01,1.142177161032886090e+01
1.719999999999999929e+01,1.286038041430629875e+01,6.774212097576675085e+00,3.824903943155249664e+01,-5.934572700288032188e-01,-1.106618220247474138e+00,1.002619877305765073e+01
1.725000000000000000e+01,9.218545928176920867e+00,1.457108940974899847e+00,3.550153891523230243e+01,-9.543146587430489935e-01,-1.829416383146621250e+00,8.832206124558513949e+00
1.730000000000000071e+01,5.641887726405666825e+00,-5.889237509248932412e-01,3.116292155182616597e+01,-1.558389092787739960e+00,-3.030786164130915061e+00,7.870907237396664868e+00
1.735000000000000142e+01,3.106736835572683653e+00,-8.253985675927923982e-01,2.711697508699946724e+01,-2.517626735707406027e+00,-4.945590063816863058e+00,7.262486129246386923e+00
1.740000000000000213e+01,1.621045884368746970e+00,-5.084148154306852296e-01,2.365796212500438855e+01,-4.096414680065356251e+00,-8.054894427307557336e+00,7.351275591529855546e+00
1.744999999999999929e+01,8.612018758745760838e-01,-1.512343897094561296e-01,2.068593981582059982e+01,-6.635347952176600117e+00,-1.285563694625811237e+01,9.049124865916635230e+00
1.750000000000000000e+01,5.258118574972315828e-01,1.336571558991544451e-01,1.810342111618545857e+01,-1.034938820176432017e+01,-1.905832271800147737e+01,1.429247207444799628e+01
1.755000000000000071e+01,4.232544901894123024e-01,3.742638092309383269e-01,1.584908108544875205e+01,-1.473982475767501299e+01,-2.337613059039143337e+01,2.526893687500201935e+01
1.760000000000000142e+01,4.573965852854387504e-01,6.331431046782980410e-01,1.388086995451138783e+01,-1.749487658012289870e+01,-1.876774838950579039e+01,3.874499136567527557e+01
1.765000000000000213e+01,5.967571813125273072e-01,9.829444498665456109e-01,1.216785053736810873e+01,-1.534491100269717734e+01,-6.245451000578181144e+00,4.383573713480806333e+01
1.769999999999999929e+01,8.543098026702363734e-01,1.515430418072179375e+00,1.069096699699346864e+01,-9.508943541112138575e+00,2.750600477476007111e+00,3.910200503418293749e+01
1.775000000000000000e+01,1.282216052517692884e+00,2.365309655321659044e+00,9.452531427891868177e+00,-4.217977023390059088e+00,5.000671157491908048e+00,3.277111657570235792e+01
1.780000000000000071e+01,1.980368635832680413e+00,3.744996205935033906e+00,8.503655702248813952e+00,-5.513412662196185421e-01,5.200749319963347439e+00,2.818583031175775844e+01
1.785000000000000142e+01,3.116929976295769400e+00,5.985174747685431562e+00,8.017373403080581440e+00,1.606708049289584883e+00,5.057015443115602693e+00,2.488589531548262102e+01
1.790000000000000213e+01,4.951521391561979790e+00,9.536715557560544454e+00,8.472346163673464048e+00,2.884754119848344178e+00,5.229607958835410741e+00,2.214061864690369319e+01
1.794999999999999929e+01,7.808463442770959162e+00,1.471734479008703111e+01,1.103568294803148220e+01,3.965921378148030030e+00,6.175037866450813873e+00,2.019452743207842715e+01
1.800000000000000000e+01,1.179374421564227404e+01,2.052760208292200517e+01,1.786881986978612602e+01,5.166801007403726054e+00,7.798644447074348562e+00,1.920118706266447361e+01
1.805000000000000071e+01,1.585395195610191976e+01,2.225300809714430272e+01,3.008669023751220095e+01,6.570188367045131983e+00,9.907641443420923011e+00,1.919235720513530197e+01
1.810000000000000142e+01,1.698693583249783146e+01,1.430211160944317861e+01,4.124137116606648590e+01,8.319645994424746505e+00,1.234016457915354259e+01,2.059387816006726979e+01
1.815000000000000213e+01,1.334659646270682387e+01,2.591245829863473737e+00,4.212653992764924737e+01,1.030644507754462502e+01,1.436221166347108813e+01,2.385676040300842971e+01
1.819999999999999929e+01,7.597238261431126460e+00,-3.516311603488911253e+00,3.647636113519939016e+01,1.195738983166205749e+01,1.460148963905239405e+01,2.846856261638681929e+01
1.825000000000000000e+01,2.854804893317083536e+00,-4.821679826454906781e+00,3.090641271726844863e+01,1.248885679392580350e+01,1.221974207767541820e+01,3.260164117361345149e+01
1.830000000000000071e+01,-1.470172056918374881e-01,-4.679133234829155441e+00,2.678051499543138192e+01,1.147084226449498701e+01,8.238211711569825013e+00,3.422391384214397902e+01
1.835000000000000142e+01,-1.905554250517248027e+00,-4.627095349693000514e+00,2.367948824930680018e+01,9.360209781337031743e+00,4.850820645989020186e+00,3.302400056343441292e+01
1.840000000000000213e+01,-3.057054079841725169e+00,-5.096406101276412137e+00,2.129452237581157092e+01,7.120005447198418658e+00,3.164372112125719116e+00,3.032330081712159497e+01
1.844999999999999929e+01,-4.069893801576007775e+00,-6.181371019907198949e+00,1.957655439725369817e+01,5.392192318430366171e+00,2.832662979916464874e+00,2.731441538717432849e+01
1.850000000000000000e+01,-5.248243047938499828e+00,-7.912249597938440182e+00,1.866674629314875489e+01,4.376499223175309261e+00,3.238449343332190367e+00,2.450270097849308115e+01
1.855000000000000071e+01,-6.777201916517946678e+00,-1.024905802403798738e+01,1.889421590831841513e+01,4.021856390587924324e+00,4.059395749099591555e+00,2.207194277933528070e+01
1.860000000000000142e+01,-8.703357138785488445e+00,-1.286924641115803958e+01,2.075141358331099539e+01,4.208553739596855969e+00,5.225140121161602202e+00,2.014813805605619734e+01
1.865000000000000213e+01,-1.080393200705511525e+01,-1.481850434832819374e+01,2.458020063577276915e+01,4.872834775079500247e+00,6.815621633163204685e+00,1.887452731354928304e+01
1.869999999999999929e+01,-1.242409596979867992e+01,-1.455979135427646654e+01,2.969457332438405572e+01,6.012496119135585460e+00,8.922755354872338174e+00,1.849386277641544396e+01
1.875000000000000000e+01,-1.267068294494331226e+01,-1.139120153960375781e+01,3.379826724596468779e+01,7.627580261847022314e+00,1.147244830437966101e+01,1.941011001013777815e+01
1.880000000000000071e+01,-1.122153784524432929e+01,-6.975325715243709368e+00,3.475295421837530796e+01,9.603080036358230487e+00,1.394296950810526070e+01,2.208388427177198921e+01
1.885000000000000142e+01,-8.791534035458923313e+00,-3.696649761852037308e+00,3.285796845239588748e+01,1.153476464903918064e+01,1.512983523759522342e+01,2.652519016028508503e+01
1.890000000000000213e+01,-6.426218128062456181e+00,-2.255520791117913593e+00,2.976639488634578257e+01,1.264361025201335664e+01,1.368855477194410497e+01,3.141177330856986316e+01
1.894999999999999929e+01,-4.719254600896241492e+00,-2.083681188031433873e+00,2.658954396528762842e+01,1.219242155708145781e+01,9.836404700672538581e+00,3.432153260665459271e+01
1.900000000000000000e+01,-3.769335528307468763e+00,-2.560340304388657007e+00,2.371621447550266382e+01,1.028606815730478807e+01,5.783917083014176619e+00,3.403380785915300777e+01
1.905000000000000071e+01,-3.462264073669351738e+00,-3.400252791945881370e+00,2.124928551155932155e+01,7.880048186747442784e+00,3.356305485606441597e+00,3.158615147225395603e+01
1.910000000000000142e+01,-3.676618179973373923e+00,-4.579046290963026067e+00,1.925434045518167281e+01,5.833304503158758259e+00,2.592389526401612354e+00,2.848202924584030882e+01
1.915000000000000213e+01,-4.361301074254146037e+00,-6.206397404136103191e+00,1.785703735900627365e+01,4.498152653022909675e+00,2.787221531892506654e+00,2.547617819440609210e+01
1.920000000000000284e+01,-5.538473832901248173e+00,-8.422142557835778476e+00,1.731600643391129424e+01,3.884810101665432391e+00,3.470532263793733474e+00,2.281343341104221523e+01
1.925000000000000000e+01,-7.256877319866917198e+00,-1.123873871150526327e+01,1.810190741762916034e+01,3.857552332472368839e+00,4.479686834252324168e+00,2.061042504986377821e+01
1.930000000000000071e+01,-9.466528807419573255e+00,-1.420185208293148094e+01,2.086666070338366552e+01,4.318214025785667154e+00,5.861070728100453486e+00,1.898289839120607425e+01
1.935000000000000142e+01,-1.177253455482985345e+01,-1.593535429184849583e+01,2.590558232433693320e+01,5.246725105909110454e+00,7.738638960836615510e+00,1.810764188720079915e+01
1.940000000000000213e+01,-1.323585836446232378e+01,-1.453645761214665377e+01,3.185629388661080696e+01,6.663664511795329481e+00,1.016668956719669836e+01,1.831606450754789606e+01
1.945000000000000284e+01,-1.283767895718379926e+01,-9.949919590489205490e+00,3.553340764522448580e+01,8.540992351426153206e+00,1.289982257500284923e+01,2.009934921997588475e+01
1.950000000000000000e+01,-1.061080299229165647e+01,-5.036012824197315219e+00,3.519325083068113003e+01,1.065294024610193802e+01,1.506172517692729329e+01,2.385012204492827692e+01
1.955000000000000071e+01,-7.725602069315325338e+00,-2.148160295586282853e+00,3.227158199990939380e+01,1.237914180493692839e+01,1.511835934250807156e+01,2.903502343748113645e+01
1.960000000000000142e+01,-5.286552513439842116e+00,-1.229698027367319035e+00,2.871833325035132489e+01,1.281082271807094486e+01,1.216866422387319879e+01,3.348507783177647212e+01
1.965000000000000213e+01,-3.697120602445495674e+00,-1.361668577268988711e+00,2.538869589676514238e+01,1.150208239753274597e+01,7.657715870944233671e+00,3.487406645291515161e+01
1.970000000000000284e+01,-2.891244540781632288e+00,-1.935509278573651848e+00,2.246421224807407668e+01,9.106247325052523323e+00,4.142912007902859628e+00,3.321162212515719148e+01
1.975000000000000000e+01,-2.681746279849836601e+00,-2.753234648495461290e+00,1.995894777664304698e+01,6.710969457838073637e+00,2.580733336034795489e+00,3.017011575529278744e+01
1.980000000000000071e+01,-2.933152130199094376e+00,-3.854621703186968951e+00,1.789563360388489244e+01,4.938082748406652733e+00,2.383494153975421970e+00,2.696892645693221979e+01
1.985000000000000142e+01,-3.606410979993781130e+00,-5.395715250788093442e+00,1.636335722661134540e+01,3.939220305357483021e+00,2.860474364608311060e+00,2.404340019074771462e+01
1.990000000000000213e+01,-4.751700345207213516e+00,-7.581074832461211166e+00,1.558320225327523900e+01,3.610581148467730372e+00,3.694680516343277876e+00,2.152861833953925697e+01
1.995000000000000284e+01,-6.472917604020032911e+00,-1.055523662103391835e+01,1.601770460791765416e+01,3.806607233124868372e+00,4.839110836208176281e+00,1.952290018132435279e+01
