Iteration,Fitness,Chromosomes
0,18.57763516,[1.74, -3.45, -3.18, 0.74, -15.53, 8.9, 6.78, 13.52, 1.68, -14.43]
10,13.87170267,[8.82, 5.4718042, 6.85, 0.28, 5.21, 0.1, 1.73, -3.05, -5.02, -4.83521376]
20,8.17724423,[1.74, -3.45, -3.18, -1.03, -0.15155167, 0.1, 1.73, -3.05, 2.27276539, -0.1312294]
30,6.67643999,[-0.09642115, -1.25100024, -0.96, 0.74, 1.4, 0.1, 1.73, -3.05, 2.28395723, -1.13096972]
40,5.21581865,[0.08, -0.33167997, -0.96, -1.03, -0.15155167, 0.1, -1.86945036, -3.05, -1.0907509, -0.1312294]
50,3.15830245,[0.08, -0.33167997, -0.96, -1.03, -0.15155167, 0.1, -0.08619582, 1.00705325, -1.0907509, -0.1312294]
60,2.77810506,[0.08, -0.8933375, -0.96, -0.01995788, -0.15155167, 0.1, -0.08619582, 1.00705325, -1.0907509, -0.1312294]
70,2.40977245,[0.08230891, -0.8933375, -0.96, -0.01995788, -0.15155167, 0.1, -0.08619582, -0.09972249, -0.98220817, -0.1312294]
80,2.00282738,[0.08230891, -0.8933375, 0.00899864, -0.01995788, -0.15155167, 0.00147736, -0.08619582, -0.09972249, -0.98220817, -0.1312294]
90,1.98685861,[-0.05948879, -0.8933375, 0.00899864, -0.01995788, -0.15155167, 0.00147736, -0.08619582, -0.09972249, -0.98220817, -0.1312294]
100,1.59139807,[0.11886938, 0.08501526, 0.00899864, -0.01995788, -0.15155167, 0.00147736, 0.00650373, -0.09972249, -0.98220817, -0.1312294]
110,0.59230564,[0.08, 0.02866326, 0.00899864, -0.01995788, 0.14190744, 0.00147736, 0.00650373, -0.09972249, 0.06480478, -0.1312294]
120,0.5715693,[-0.05948879, 0.02866326, 0.00899864, -0.01995788, 0.14190744, 0.00147736, 0.00650373, -0.09972249, 0.06480478, -0.1312294]
130,0.54584196,[-0.05948879, 0.02866326, 0.00899864, -0.01995788, 0.14190744, 0.00147736, 0.00650373, -0.09972249, 0.02714729, -0.1312294]
140,0.54584196,[-0.05948879, 0.02866326, 0.00899864, -0.01995788, 0.14190744, 0.00147736, 0.00650373, -0.09972249, 0.02714729, -0.1312294]
150,0.53235101,[0.04176058, 0.02866326, 0.00899864, -0.01995788, 0.14190744, 0.00147736, 0.00650373, -0.09972249, 0.02714729, -0.1312294]
160,0.39904491,[-0.05139401, 0.04320025, 0.00899864, -0.01995788, 0.03733806, 0.00147736, 0.00650373, -0.09972249, 0.00958366, -0.1312294]
170,0.38264757,[0.04176058, 0.02866326, 0.00899864, -0.01995788, 0.03733806, 0.00147736, 0.00650373, -0.09972249, 0.00958366, -0.1312294]
180,0.38264757,[0.04176058, 0.02866326, 0.00899864, -0.01995788, 0.03733806, 0.00147736, 0.00650373, -0.09972249, 0.00958366, -0.1312294]
190,0.30157215,[0.04176058, 0.02866326, 0.00899864, -0.01995788, 0.03733806, 0.00147736, 0.00650373, 0.02581337, 0.00958366, -0.1312294]
200,0.30157215,[0.04176058, 0.02866326, 0.00899864, -0.01995788, 0.03733806, 0.00147736, 0.00650373, 0.02581337, 0.00958366, -0.1312294]
210,0.28975718,[0.04176058, 0.02866326, 0.00899864, -0.01995788, 0.01150849, 0.00147736, 0.00650373, 0.02581337, 0.00958366, -0.1312294]
220,0.28975718,[0.04176058, 0.02866326, 0.00899864, -0.01995788, 0.01150849, 0.00147736, 0.00650373, 0.02581337, 0.00958366, -0.1312294]
230,0.28975718,[0.04176058, 0.02866326, 0.00899864, -0.01995788, 0.01150849, 0.00147736, 0.00650373, 0.02581337, 0.00958366, -0.1312294]
240,0.28975718,[0.04176058, 0.02866326, 0.00899864, -0.01995788, 0.01150849, 0.00147736, 0.00650373, 0.02581337, 0.00958366, -0.1312294]
250,0.27394695,[0.00917257, 0.02866326, 0.00899864, -0.01995788, 0.01150849, 0.00147736, 0.00650373, 0.02581337, 0.00958366, -0.1312294]
260,0.27394695,[0.00917257, 0.02866326, 0.00899864, -0.01995788, 0.01150849, 0.00147736, 0.00650373, 0.02581337, 0.00958366, -0.1312294]
270,0.26930957,[0.00917257, 0.02866326, -0.00573046, -0.01995788, 0.01150849, 0.00147736, 0.00650373, -0.01533218, 0.00958366, -0.1312294]
280,0.07605603,[0.00917257, 0.02866326, -0.00573046, -0.01995788, 0.01150849, 0.00147736, 0.00650373, -0.01533218, 0.00958366, 0.02518711]
290,0.07605603,[0.00917257, 0.02866326, -0.00573046, -0.01995788, 0.01150849, 0.00147736, 0.00650373, -0.01533218, 0.00958366, 0.02518711]
300,0.06603533,[0.00917257, 0.02866326, -0.00573046, -0.01995788, 0.01150849, 0.00147736, 0.00650373, -0.01533218, 0.00958366, 0.01003055]
310,0.06603533,[0.00917257, 0.02866326, -0.00573046, -0.01995788, 0.01150849, 0.00147736, 0.00650373, -0.01533218, 0.00958366, 0.01003055]
320,0.06603533,[0.00917257, 0.02866326, -0.00573046, -0.01995788, 0.01150849, 0.00147736, 0.00650373, -0.01533218, 0.00958366, 0.01003055]
330,0.06603533,[0.00917257, 0.02866326, -0.00573046, -0.01995788, 0.01150849, 0.00147736, 0.00650373, -0.01533218, 0.00958366, 0.01003055]
340,0.06603533,[0.00917257, 0.02866326, -0.00573046, -0.01995788, 0.01150849, 0.00147736, 0.00650373, -0.01533218, 0.00958366, 0.01003055]
350,0.06603533,[0.00917257, 0.02866326, -0.00573046, -0.01995788, 0.01150849, 0.00147736, 0.00650373, -0.01533218, 0.00958366, 0.01003055]
360,0.06603533,[0.00917257, 0.02866326, -0.00573046, -0.01995788, 0.01150849, 0.00147736, 0.00650373, -0.01533218, 0.00958366, 0.01003055]
370,0.06603533,[0.00917257, 0.02866326, -0.00573046, -0.01995788, 0.01150849, 0.00147736, 0.00650373, -0.01533218, 0.00958366, 0.01003055]
380,0.06603533,[0.00917257, 0.02866326, -0.00573046, -0.01995788, 0.01150849, 0.00147736, 0.00650373, -0.01533218, 0.00958366, 0.01003055]
390,0.06603533,[0.00917257, 0.02866326, -0.00573046, -0.01995788, 0.01150849, 0.00147736, 0.00650373, -0.01533218, 0.00958366, 0.01003055]
400,0.06603533,[0.00917257, 0.02866326, -0.00573046, -0.01995788, 0.01150849, 0.00147736, 0.00650373, -0.01533218, 0.00958366, 0.01003055]
410,0.06603533,[0.00917257, 0.02866326, -0.00573046, -0.01995788, 0.01150849, 0.00147736, 0.00650373, -0.01533218, 0.00958366, 0.01003055]
420,0.04964517,[0.00917257, -0.00754655, -0.00573046, -0.01995788, 0.01150849, 0.00147736, 0.00650373, -0.01533218, 0.00958366, 0.01003055]
430,0.04964517,[0.00917257, -0.00754655, -0.00573046, -0.01995788, 0.01150849, 0.00147736, 0.00650373, -0.01533218, 0.00958366, 0.01003055]
440,0.04964517,[0.00917257, -0.00754655, -0.00573046, -0.01995788, 0.01150849, 0.00147736, 0.00650373, -0.01533218, 0.00958366, 0.01003055]
450,0.04900742,[0.00917257, -0.00754655, -0.00573046, -0.01995788, 0.01150849, 0.00147736, 0.00650373, -0.01533218, -0.00806914, 0.01003055]
460,0.04900742,[0.00917257, -0.00754655, -0.00573046, -0.01995788, 0.01150849, 0.00147736, 0.00650373, -0.01533218, -0.00806914, 0.01003055]
470,0.04867568,[0.00917257, -0.00754655, -0.00436194, -0.01995788, 0.01150849, 0.00147736, 0.00650373, -0.01533218, -0.00806914, 0.01003055]
480,0.04867568,[0.00917257, -0.00754655, -0.00436194, -0.01995788, 0.01150849, 0.00147736, 0.00650373, -0.01533218, -0.00806914, 0.01003055]
490,0.04867568,[0.00917257, -0.00754655, -0.00436194, -0.01995788, 0.01150849, 0.00147736, 0.00650373, -0.01533218, -0.00806914, 0.01003055]
500,0.04867568,[0.00917257, -0.00754655, -0.00436194, -0.01995788, 0.01150849, 0.00147736, 0.00650373, -0.01533218, -0.00806914, 0.01003055]
510,0.04867568,[0.00917257, -0.00754655, -0.00436194, -0.01995788, 0.01150849, 0.00147736, 0.00650373, -0.01533218, -0.00806914, 0.01003055]
520,0.04867568,[0.00917257, -0.00754655, -0.00436194, -0.01995788, 0.01150849, 0.00147736, 0.00650373, -0.01533218, -0.00806914, 0.01003055]
530,0.04867568,[0.00917257, -0.00754655, -0.00436194, -0.01995788, 0.01150849, 0.00147736, 0.00650373, -0.01533218, -0.00806914, 0.01003055]
540,0.04867568,[0.00917257, -0.00754655, -0.00436194, -0.01995788, 0.01150849, 0.00147736, 0.00650373, -0.01533218, -0.00806914, 0.01003055]
550,0.04867568,[0.00917257, -0.00754655, -0.00436194, -0.01995788, 0.01150849, 0.00147736, 0.00650373, -0.01533218, -0.00806914, 0.01003055]
560,0.04867568,[0.00917257, -0.00754655, -0.00436194, -0.01995788, 0.01150849, 0.00147736, 0.00650373, -0.01533218, -0.00806914, 0.01003055]
570,0.04867568,[0.00917257, -0.00754655, -0.00436194, -0.01995788, 0.01150849, 0.00147736, 0.00650373, -0.01533218, -0.00806914, 0.01003055]
580,0.04867568,[0.00917257, -0.00754655, -0.00436194, -0.01995788, 0.01150849, 0.00147736, 0.00650373, -0.01533218, -0.00806914, 0.01003055]
590,0.04867568,[0.00917257, -0.00754655, -0.00436194, -0.01995788, 0.01150849, 0.00147736, 0.00650373, -0.01533218, -0.00806914, 0.01003055]
600,0.04867568,[0.00917257, -0.00754655, -0.00436194, -0.01995788, 0.01150849, 0.00147736, 0.00650373, -0.01533218, -0.00806914, 0.01003055]
610,0.04867568,[0.00917257, -0.00754655, -0.00436194, -0.01995788, 0.01150849, 0.00147736, 0.00650373, -0.01533218, -0.00806914, 0.01003055]
620,0.04867568,[0.00917257, -0.00754655, -0.00436194, -0.01995788, 0.01150849, 0.00147736, 0.00650373, -0.01533218, -0.00806914, 0.01003055]
630,0.04867568,[0.00917257, -0.00754655, -0.00436194, -0.01995788, 0.01150849, 0.00147736, 0.00650373, -0.01533218, -0.00806914, 0.01003055]
640,0.04867568,[0.00917257, -0.00754655, -0.00436194, -0.01995788, 0.01150849, 0.00147736, 0.00650373, -0.01533218, -0.00806914, 0.01003055]
650,0.04867568,[0.00917257, -0.00754655, -0.00436194, -0.01995788, 0.01150849, 0.00147736, 0.00650373, -0.01533218, -0.00806914, 0.01003055]
660,0.04867568,[0.00917257, -0.00754655, -0.00436194, -0.01995788, 0.01150849, 0.00147736, 0.00650373, -0.01533218, -0.00806914, 0.01003055]
670,0.04867568,[0.00917257, -0.00754655, -0.00436194, -0.01995788, 0.01150849, 0.00147736, 0.00650373, -0.01533218, -0.00806914, 0.01003055]
680,0.04867568,[0.00917257, -0.00754655, -0.00436194, -0.01995788, 0.01150849, 0.00147736, 0.00650373, -0.01533218, -0.00806914, 0.01003055]
690,0.04867568,[0.00917257, -0.00754655, -0.00436194, -0.01995788, 0.01150849, 0.00147736, 0.00650373, -0.01533218, -0.00806914, 0.01003055]
700,0.04867568,[0.00917257, -0.00754655, -0.00436194, -0.01995788, 0.01150849, 0.00147736, 0.00650373, -0.01533218, -0.00806914, 0.01003055]
710,0.04867568,[0.00917257, -0.00754655, -0.00436194, -0.01995788, 0.01150849, 0.00147736, 0.00650373, -0.01533218, -0.00806914, 0.01003055]
720,0.04867568,[0.00917257, -0.00754655, -0.00436194, -0.01995788, 0.01150849, 0.00147736, 0.00650373, -0.01533218, -0.00806914, 0.01003055]
730,0.04867568,[0.00917257, -0.00754655, -0.00436194, -0.01995788, 0.01150849, 0.00147736, 0.00650373, -0.01533218, -0.00806914, 0.01003055]
740,0.04867568,[0.00917257, -0.00754655, -0.00436194, -0.01995788, 0.01150849, 0.00147736, 0.00650373, -0.01533218, -0.00806914, 0.01003055]
750,0.04867568,[0.00917257, -0.00754655, -0.00436194, -0.01995788, 0.01150849, 0.00147736, 0.00650373, -0.01533218, -0.00806914, 0.01003055]
760,0.04867568,[0.00917257, -0.00754655, -0.00436194, -0.01995788, 0.01150849, 0.00147736, 0.00650373, -0.01533218, -0.00806914, 0.01003055]
770,0.04867568,[0.00917257, -0.00754655, -0.00436194, -0.01995788, 0.01150849, 0.00147736, 0.00650373, -0.01533218, -0.00806914, 0.01003055]
780,0.04867568,[0.00917257, -0.00754655, -0.00436194, -0.01995788, 0.01150849, 0.00147736, 0.00650373, -0.01533218, -0.00806914, 0.01003055]
790,0.04821834,[0.00917257, -0.00754655, 0.00030629, -0.01995788, 0.01150849, 0.00147736, 0.00650373, -0.01533218, -0.00806914, 0.01003055]
800,0.04821834,[0.00917257, -0.00754655, 0.00030629, -0.01995788, 0.01150849, 0.00147736, 0.00650373, -0.01533218, -0.00806914, 0.01003055]
810,0.04821834,[0.00917257, -0.00754655, 0.00030629, -0.01995788, 0.01150849, 0.00147736, 0.00650373, -0.01533218, -0.00806914, 0.01003055]
820,0.04821834,[0.00917257, -0.00754655, 0.00030629, -0.01995788, 0.01150849, 0.00147736, 0.00650373, -0.01533218, -0.00806914, 0.01003055]
830,0.04821834,[0.00917257, -0.00754655, 0.00030629, -0.01995788, 0.01150849, 0.00147736, 0.00650373, -0.01533218, -0.00806914, 0.01003055]
840,0.04821834,[0.00917257, -0.00754655, 0.00030629, -0.01995788, 0.01150849, 0.00147736, 0.00650373, -0.01533218, -0.00806914, 0.01003055]
850,0.04683446,[0.00917257, 0.0006483, 0.00030629, -0.01995788, 0.01150849, 0.00147736, 0.00650373, -0.01533218, -0.00806914, 0.01003055]
860,0.04683446,[0.00917257, 0.0006483, 0.00030629, -0.01995788, 0.01150849, 0.00147736, 0.00650373, -0.01533218, -0.00806914, 0.01003055]
870,0.04683446,[0.00917257, 0.0006483, 0.00030629, -0.01995788, 0.01150849, 0.00147736, 0.00650373, -0.01533218, -0.00806914, 0.01003055]
880,0.04683446,[0.00917257, 0.0006483, 0.00030629, -0.01995788, 0.01150849, 0.00147736, 0.00650373, -0.01533218, -0.00806914, 0.01003055]
890,0.04683446,[0.00917257, 0.0006483, 0.00030629, -0.01995788, 0.01150849, 0.00147736, 0.00650373, -0.01533218, -0.00806914, 0.01003055]
900,0.04683446,[0.00917257, 0.0006483, 0.00030629, -0.01995788, 0.01150849, 0.00147736, 0.00650373, -0.01533218, -0.00806914, 0.01003055]
910,0.04683446,[0.00917257, 0.0006483, 0.00030629, -0.01995788, 0.01150849, 0.00147736, 0.00650373, -0.01533218, -0.00806914, 0.01003055]
920,0.04683446,[0.00917257, 0.0006483, 0.00030629, -0.01995788, 0.01150849, 0.00147736, 0.00650373, -0.01533218, -0.00806914, 0.01003055]
930,0.04683446,[0.00917257, 0.0006483, 0.00030629, -0.01995788, 0.01150849, 0.00147736, 0.00650373, -0.01533218, -0.00806914, 0.01003055]
940,0.04683446,[0.00917257, 0.0006483, 0.00030629, -0.01995788, 0.01150849, 0.00147736, 0.00650373, -0.01533218, -0.00806914, 0.01003055]
950,0.04683446,[0.00917257, 0.0006483, 0.00030629, -0.01995788, 0.01150849, 0.00147736, 0.00650373, -0.01533218, -0.00806914, 0.01003055]
960,0.04683446,[0.00917257, 0.0006483, 0.00030629, -0.01995788, 0.01150849, 0.00147736, 0.00650373, -0.01533218, -0.00806914, 0.01003055]
970,0.04683446,[0.00917257, 0.0006483, 0.00030629, -0.01995788, 0.01150849, 0.00147736, 0.00650373, -0.01533218, -0.00806914, 0.01003055]
980,0.04683446,[0.00917257, 0.0006483, 0.00030629, -0.01995788, 0.01150849, 0.00147736, 0.00650373, -0.01533218, -0.00806914, 0.01003055]
990,0.04683446,[0.00917257, 0.0006483, 0.00030629, -0.01995788, 0.01150849, 0.00147736, 0.00650373, -0.01533218, -0.00806914, 0.01003055]
1000,0.04570533,[0.00917257, 0.0006483, 0.00030629, -0.01995788, 0.01150849, 0.00147736, 0.00650373, -0.01533218, 0.00445479, 0.01003055]
1010,0.0451012,[0.00917257, 0.0006483, 0.00030629, -0.01934961, 0.01150849, 0.00147736, 0.00650373, -0.01533218, 0.00445479, 0.01003055]
1020,0.0451012,[0.00917257, 0.0006483, 0.00030629, -0.01934961, 0.01150849, 0.00147736, 0.00650373, -0.01533218, 0.00445479, 0.01003055]
1030,0.0451012,[0.00917257, 0.0006483, 0.00030629, -0.01934961, 0.01150849, 0.00147736, 0.00650373, -0.01533218, 0.00445479, 0.01003055]
1040,0.0451012,[0.00917257, 0.0006483, 0.00030629, -0.01934961, 0.01150849, 0.00147736, 0.00650373, -0.01533218, 0.00445479, 0.01003055]
1050,0.0451012,[0.00917257, 0.0006483, 0.00030629, -0.01934961, 0.01150849, 0.00147736, 0.00650373, -0.01533218, 0.00445479, 0.01003055]
1060,0.0451012,[0.00917257, 0.0006483, 0.00030629, -0.01934961, 0.01150849, 0.00147736, 0.00650373, -0.01533218, 0.00445479, 0.01003055]
1070,0.0451012,[0.00917257, 0.0006483, 0.00030629, -0.01934961, 0.01150849, 0.00147736, 0.00650373, -0.01533218, 0.00445479, 0.01003055]
1080,0.0451012,[0.00917257, 0.0006483, 0.00030629, -0.01934961, 0.01150849, 0.00147736, 0.00650373, -0.01533218, 0.00445479, 0.01003055]
1090,0.0451012,[0.00917257, 0.0006483, 0.00030629, -0.01934961, 0.01150849, 0.00147736, 0.00650373, -0.01533218, 0.00445479, 0.01003055]
1100,0.0451012,[0.00917257, 0.0006483, 0.00030629, -0.01934961, 0.01150849, 0.00147736, 0.00650373, -0.01533218, 0.00445479, 0.01003055]
1110,0.0451012,[0.00917257, 0.0006483, 0.00030629, -0.01934961, 0.01150849, 0.00147736, 0.00650373, -0.01533218, 0.00445479, 0.01003055]
1120,0.0451012,[0.00917257, 0.0006483, 0.00030629, -0.01934961, 0.01150849, 0.00147736, 0.00650373, -0.01533218, 0.00445479, 0.01003055]
1130,0.0451012,[0.00917257, 0.0006483, 0.00030629, -0.01934961, 0.01150849, 0.00147736, 0.00650373, -0.01533218, 0.00445479, 0.01003055]
1140,0.0451012,[0.00917257, 0.0006483, 0.00030629, -0.01934961, 0.01150849, 0.00147736, 0.00650373, -0.01533218, 0.00445479, 0.01003055]
1150,0.0451012,[0.00917257, 0.0006483, 0.00030629, -0.01934961, 0.01150849, 0.00147736, 0.00650373, -0.01533218, 0.00445479, 0.01003055]
1160,0.0451012,[0.00917257, 0.0006483, 0.00030629, -0.01934961, 0.01150849, 0.00147736, 0.00650373, -0.01533218, 0.00445479, 0.01003055]
1170,0.0451012,[0.00917257, 0.0006483, 0.00030629, -0.01934961, 0.01150849, 0.00147736, 0.00650373, -0.01533218, 0.00445479, 0.01003055]
1180,0.0451012,[0.00917257, 0.0006483, 0.00030629, -0.01934961, 0.01150849, 0.00147736, 0.00650373, -0.01533218, 0.00445479, 0.01003055]
1190,0.0451012,[0.00917257, 0.0006483, 0.00030629, -0.01934961, 0.01150849, 0.00147736, 0.00650373, -0.01533218, 0.00445479, 0.01003055]
1200,0.0451012,[0.00917257, 0.0006483, 0.00030629, -0.01934961, 0.01150849, 0.00147736, 0.00650373, -0.01533218, 0.00445479, 0.01003055]
1210,0.03895786,[0.00917257, 0.0006483, 0.00030629, -0.01934961, 0.01150849, 0.00147736, 0.00650373, 0.00227228, 0.00445479, 0.01003055]
1220,0.03895786,[0.00917257, 0.0006483, 0.00030629, -0.01934961, 0.01150849, 0.00147736, 0.00650373, 0.00227228, 0.00445479, 0.01003055]
1230,0.03895786,[0.00917257, 0.0006483, 0.00030629, -0.01934961, 0.01150849, 0.00147736, 0.00650373, 0.00227228, 0.00445479, 0.01003055]
1240,0.03895786,[0.00917257, 0.0006483, 0.00030629, -0.01934961, 0.01150849, 0.00147736, 0.00650373, 0.00227228, 0.00445479, 0.01003055]
1250,0.03894823,[0.00917257, -0.00028155, 0.00030629, -0.01934961, 0.01150849, 0.00147736, 0.00650373, 0.00227228, 0.00445479, 0.01003055]
1260,0.03894823,[0.00917257, -0.00028155, 0.00030629, -0.01934961, 0.01150849, 0.00147736, 0.00650373, 0.00227228, 0.00445479, 0.01003055]
1270,0.03894823,[0.00917257, -0.00028155, 0.00030629, -0.01934961, 0.01150849, 0.00147736, 0.00650373, 0.00227228, 0.00445479, 0.01003055]
1280,0.03894823,[0.00917257, -0.00028155, 0.00030629, -0.01934961, 0.01150849, 0.00147736, 0.00650373, 0.00227228, 0.00445479, 0.01003055]
1290,0.03894823,[0.00917257, -0.00028155, 0.00030629, -0.01934961, 0.01150849, 0.00147736, 0.00650373, 0.00227228, 0.00445479, 0.01003055]
1300,0.03894823,[0.00917257, -0.00028155, 0.00030629, -0.01934961, 0.01150849, 0.00147736, 0.00650373, 0.00227228, 0.00445479, 0.01003055]
1310,0.03894823,[0.00917257, -0.00028155, 0.00030629, -0.01934961, 0.01150849, 0.00147736, 0.00650373, 0.00227228, 0.00445479, 0.01003055]
1320,0.03894823,[0.00917257, -0.00028155, 0.00030629, -0.01934961, 0.01150849, 0.00147736, 0.00650373, 0.00227228, 0.00445479, 0.01003055]
1330,0.03894823,[0.00917257, -0.00028155, 0.00030629, -0.01934961, 0.01150849, 0.00147736, 0.00650373, 0.00227228, 0.00445479, 0.01003055]
1340,0.03894823,[0.00917257, -0.00028155, 0.00030629, -0.01934961, 0.01150849, 0.00147736, 0.00650373, 0.00227228, 0.00445479, 0.01003055]
1350,0.03894823,[0.00917257, -0.00028155, 0.00030629, -0.01934961, 0.01150849, 0.00147736, 0.00650373, 0.00227228, 0.00445479, 0.01003055]
1360,0.03894823,[0.00917257, -0.00028155, 0.00030629, -0.01934961, 0.01150849, 0.00147736, 0.00650373, 0.00227228, 0.00445479, 0.01003055]
1370,0.03894823,[0.00917257, -0.00028155, 0.00030629, -0.01934961, 0.01150849, 0.00147736, 0.00650373, 0.00227228, 0.00445479, 0.01003055]
1380,0.03894823,[0.00917257, -0.00028155, 0.00030629, -0.01934961, 0.01150849, 0.00147736, 0.00650373, 0.00227228, 0.00445479, 0.01003055]
1390,0.03676822,[0.00292255, -0.00028155, 0.00030629, -0.01934961, 0.01150849, 0.00147736, 0.00650373, 0.00227228, 0.00445479, 0.01003055]
1400,0.03676822,[0.00292255, -0.00028155, 0.00030629, -0.01934961, 0.01150849, 0.00147736, 0.00650373, 0.00227228, 0.00445479, 0.01003055]
1410,0.03676822,[0.00292255, -0.00028155, 0.00030629, -0.01934961, 0.01150849, 0.00147736, 0.00650373, 0.00227228, 0.00445479, 0.01003055]
1420,0.03676822,[0.00292255, -0.00028155, 0.00030629, -0.01934961, 0.01150849, 0.00147736, 0.00650373, 0.00227228, 0.00445479, 0.01003055]
1430,0.03676822,[0.00292255, -0.00028155, 0.00030629, -0.01934961, 0.01150849, 0.00147736, 0.00650373, 0.00227228, 0.00445479, 0.01003055]
1440,0.03676822,[0.00292255, -0.00028155, 0.00030629, -0.01934961, 0.01150849, 0.00147736, 0.00650373, 0.00227228, 0.00445479, 0.01003055]
1450,0.03676822,[0.00292255, -0.00028155, 0.00030629, -0.01934961, 0.01150849, 0.00147736, 0.00650373, 0.00227228, 0.00445479, 0.01003055]
1460,0.03676822,[0.00292255, -0.00028155, 0.00030629, -0.01934961, 0.01150849, 0.00147736, 0.00650373, 0.00227228, 0.00445479, 0.01003055]
1470,0.03676822,[0.00292255, -0.00028155, 0.00030629, -0.01934961, 0.01150849, 0.00147736, 0.00650373, 0.00227228, 0.00445479, 0.01003055]
1480,0.03676822,[0.00292255, -0.00028155, 0.00030629, -0.01934961, 0.01150849, 0.00147736, 0.00650373, 0.00227228, 0.00445479, 0.01003055]
1490,0.03676822,[0.00292255, -0.00028155, 0.00030629, -0.01934961, 0.01150849, 0.00147736, 0.00650373, 0.00227228, 0.00445479, 0.01003055]
1500,0.03542212,[0.00292255, -0.00028155, 0.00030629, 0.01814778, 0.01150849, 0.00147736, 0.00650373, 0.00227228, 0.00445479, 0.01003055]
1510,0.03542212,[0.00292255, -0.00028155, 0.00030629, 0.01814778, 0.01150849, 0.00147736, 0.00650373, 0.00227228, 0.00445479, 0.01003055]
1520,0.03542212,[0.00292255, -0.00028155, 0.00030629, 0.01814778, 0.01150849, 0.00147736, 0.00650373, 0.00227228, 0.00445479, 0.01003055]
1530,0.03542212,[0.00292255, -0.00028155, 0.00030629, 0.01814778, 0.01150849, 0.00147736, 0.00650373, 0.00227228, 0.00445479, 0.01003055]
1540,0.03542212,[0.00292255, -0.00028155, 0.00030629, 0.01814778, 0.01150849, 0.00147736, 0.00650373, 0.00227228, 0.00445479, 0.01003055]
1550,0.03542212,[0.00292255, -0.00028155, 0.00030629, 0.01814778, 0.01150849, 0.00147736, 0.00650373, 0.00227228, 0.00445479, 0.01003055]
1560,0.03542212,[0.00292255, -0.00028155, 0.00030629, 0.01814778, 0.01150849, 0.00147736, 0.00650373, 0.00227228, 0.00445479, 0.01003055]
1570,0.03542212,[0.00292255, -0.00028155, 0.00030629, 0.01814778, 0.01150849, 0.00147736, 0.00650373, 0.00227228, 0.00445479, 0.01003055]
1580,0.03542212,[0.00292255, -0.00028155, 0.00030629, 0.01814778, 0.01150849, 0.00147736, 0.00650373, 0.00227228, 0.00445479, 0.01003055]
1590,0.03542212,[0.00292255, -0.00028155, 0.00030629, 0.01814778, 0.01150849, 0.00147736, 0.00650373, 0.00227228, 0.00445479, 0.01003055]
1600,0.03542212,[0.00292255, -0.00028155, 0.00030629, 0.01814778, 0.01150849, 0.00147736, 0.00650373, 0.00227228, 0.00445479, 0.01003055]
1610,0.03542212,[0.00292255, -0.00028155, 0.00030629, 0.01814778, 0.01150849, 0.00147736, 0.00650373, 0.00227228, 0.00445479, 0.01003055]
1620,0.03542212,[0.00292255, -0.00028155, 0.00030629, 0.01814778, 0.01150849, 0.00147736, 0.00650373, 0.00227228, 0.00445479, 0.01003055]
1630,0.03542212,[0.00292255, -0.00028155, 0.00030629, 0.01814778, 0.01150849, 0.00147736, 0.00650373, 0.00227228, 0.00445479, 0.01003055]
1640,0.03542212,[0.00292255, -0.00028155, 0.00030629, 0.01814778, 0.01150849, 0.00147736, 0.00650373, 0.00227228, 0.00445479, 0.01003055]
1650,0.03542212,[0.00292255, -0.00028155, 0.00030629, 0.01814778, 0.01150849, 0.00147736, 0.00650373, 0.00227228, 0.00445479, 0.01003055]
1660,0.03542212,[0.00292255, -0.00028155, 0.00030629, 0.01814778, 0.01150849, 0.00147736, 0.00650373, 0.00227228, 0.00445479, 0.01003055]
1670,0.03542212,[0.00292255, -0.00028155, 0.00030629, 0.01814778, 0.01150849, 0.00147736, 0.00650373, 0.00227228, 0.00445479, 0.01003055]
1680,0.03542212,[0.00292255, -0.00028155, 0.00030629, 0.01814778, 0.01150849, 0.00147736, 0.00650373, 0.00227228, 0.00445479, 0.01003055]
1690,0.03542212,[0.00292255, -0.00028155, 0.00030629, 0.01814778, 0.01150849, 0.00147736, 0.00650373, 0.00227228, 0.00445479, 0.01003055]
1700,0.03542212,[0.00292255, -0.00028155, 0.00030629, 0.01814778, 0.01150849, 0.00147736, 0.00650373, 0.00227228, 0.00445479, 0.01003055]
1710,0.03542212,[0.00292255, -0.00028155, 0.00030629, 0.01814778, 0.01150849, 0.00147736, 0.00650373, 0.00227228, 0.00445479, 0.01003055]
1720,0.03542212,[0.00292255, -0.00028155, 0.00030629, 0.01814778, 0.01150849, 0.00147736, 0.00650373, 0.00227228, 0.00445479, 0.01003055]
1730,0.03542212,[0.00292255, -0.00028155, 0.00030629, 0.01814778, 0.01150849, 0.00147736, 0.00650373, 0.00227228, 0.00445479, 0.01003055]
1740,0.03542212,[0.00292255, -0.00028155, 0.00030629, 0.01814778, 0.01150849, 0.00147736, 0.00650373, 0.00227228, 0.00445479, 0.01003055]
1750,0.03542212,[0.00292255, -0.00028155, 0.00030629, 0.01814778, 0.01150849, 0.00147736, 0.00650373, 0.00227228, 0.00445479, 0.01003055]
1760,0.03542212,[0.00292255, -0.00028155, 0.00030629, 0.01814778, 0.01150849, 0.00147736, 0.00650373, 0.00227228, 0.00445479, 0.01003055]
1770,0.03542212,[0.00292255, -0.00028155, 0.00030629, 0.01814778, 0.01150849, 0.00147736, 0.00650373, 0.00227228, 0.00445479, 0.01003055]
1780,0.03542212,[0.00292255, -0.00028155, 0.00030629, 0.01814778, 0.01150849, 0.00147736, 0.00650373, 0.00227228, 0.00445479, 0.01003055]
1790,0.03542212,[0.00292255, -0.00028155, 0.00030629, 0.01814778, 0.01150849, 0.00147736, 0.00650373, 0.00227228, 0.00445479, 0.01003055]
1800,0.03542212,[0.00292255, -0.00028155, 0.00030629, 0.01814778, 0.01150849, 0.00147736, 0.00650373, 0.00227228, 0.00445479, 0.01003055]
1810,0.03542212,[0.00292255, -0.00028155, 0.00030629, 0.01814778, 0.01150849, 0.00147736, 0.00650373, 0.00227228, 0.00445479, 0.01003055]
1820,0.03542212,[0.00292255, -0.00028155, 0.00030629, 0.01814778, 0.01150849, 0.00147736, 0.00650373, 0.00227228, 0.00445479, 0.01003055]
1830,0.03441912,[0.00292255, -0.00028155, 0.00030629, 0.01814778, 0.00998502, 0.00147736, 0.00650373, 0.00227228, 0.00445479, 0.01003055]
1840,0.03441912,[0.00292255, -0.00028155, 0.00030629, 0.01814778, 0.00998502, 0.00147736, 0.00650373, 0.00227228, 0.00445479, 0.01003055]
1850,0.03441912,[0.00292255, -0.00028155, 0.00030629, 0.01814778, 0.00998502, 0.00147736, 0.00650373, 0.00227228, 0.00445479, 0.01003055]
1860,0.03427653,[-0.00198615, -0.00028155, 0.00030629, 0.01814778, 0.00998502, 0.00147736, 0.00650373, 0.00227228, 0.00445479, 0.01003055]
1870,0.03427653,[-0.00198615, -0.00028155, 0.00030629, 0.01814778, 0.00998502, 0.00147736, 0.00650373, 0.00227228, 0.00445479, 0.01003055]
1880,0.03427653,[-0.00198615, -0.00028155, 0.00030629, 0.01814778, 0.00998502, 0.00147736, 0.00650373, 0.00227228, 0.00445479, 0.01003055]
1890,0.03427653,[-0.00198615, -0.00028155, 0.00030629, 0.01814778, 0.00998502, 0.00147736, 0.00650373, 0.00227228, 0.00445479, 0.01003055]
1900,0.03427653,[-0.00198615, -0.00028155, 0.00030629, 0.01814778, 0.00998502, 0.00147736, 0.00650373, 0.00227228, 0.00445479, 0.01003055]
1910,0.03427653,[-0.00198615, -0.00028155, 0.00030629, 0.01814778, 0.00998502, 0.00147736, 0.00650373, 0.00227228, 0.00445479, 0.01003055]
1920,0.03427653,[-0.00198615, -0.00028155, 0.00030629, 0.01814778, 0.00998502, 0.00147736, 0.00650373, 0.00227228, 0.00445479, 0.01003055]
1930,0.03427653,[-0.00198615, -0.00028155, 0.00030629, 0.01814778, 0.00998502, 0.00147736, 0.00650373, 0.00227228, 0.00445479, 0.01003055]
1940,0.03427653,[-0.00198615, -0.00028155, 0.00030629, 0.01814778, 0.00998502, 0.00147736, 0.00650373, 0.00227228, 0.00445479, 0.01003055]
1950,0.03427653,[-0.00198615, -0.00028155, 0.00030629, 0.01814778, 0.00998502, 0.00147736, 0.00650373, 0.00227228, 0.00445479, 0.01003055]
1960,0.03427653,[-0.00198615, -0.00028155, 0.00030629, 0.01814778, 0.00998502, 0.00147736, 0.00650373, 0.00227228, 0.00445479, 0.01003055]
1970,0.03427653,[-0.00198615, -0.00028155, 0.00030629, 0.01814778, 0.00998502, 0.00147736, 0.00650373, 0.00227228, 0.00445479, 0.01003055]
1980,0.03248855,[-0.00198615, -0.00028155, 0.00030629, 0.01814778, 0.00998502, 0.00147736, 0.00650373, 0.00227228, 0.00445479, 0.00664881]
1990,0.03248855,[-0.00198615, -0.00028155, 0.00030629, 0.01814778, 0.00998502, 0.00147736, 0.00650373, 0.00227228, 0.00445479, 0.00664881]
2000,0.02356487,[-0.00198615, -0.00028155, 0.00030629, -0.00915968, 0.00998502, 0.00147736, 0.00650373, 0.00227228, 0.00445479, 0.00664881]
2010,0.02356487,[-0.00198615, -0.00028155, 0.00030629, -0.00915968, 0.00998502, 0.00147736, 0.00650373, 0.00227228, 0.00445479, 0.00664881]
2020,0.02356487,[-0.00198615, -0.00028155, 0.00030629, -0.00915968, 0.00998502, 0.00147736, 0.00650373, 0.00227228, 0.00445479, 0.00664881]
2030,0.02356487,[-0.00198615, -0.00028155, 0.00030629, -0.00915968, 0.00998502, 0.00147736, 0.00650373, 0.00227228, 0.00445479, 0.00664881]
2040,0.02356487,[-0.00198615, -0.00028155, 0.00030629, -0.00915968, 0.00998502, 0.00147736, 0.00650373, 0.00227228, 0.00445479, 0.00664881]
2050,0.02356487,[-0.00198615, -0.00028155, 0.00030629, -0.00915968, 0.00998502, 0.00147736, 0.00650373, 0.00227228, 0.00445479, 0.00664881]
2060,0.02356487,[-0.00198615, -0.00028155, 0.00030629, -0.00915968, 0.00998502, 0.00147736, 0.00650373, 0.00227228, 0.00445479, 0.00664881]
2070,0.02356487,[-0.00198615, -0.00028155, 0.00030629, -0.00915968, 0.00998502, 0.00147736, 0.00650373, 0.00227228, 0.00445479, 0.00664881]
2080,0.02356487,[-0.00198615, -0.00028155, 0.00030629, -0.00915968, 0.00998502, 0.00147736, 0.00650373, 0.00227228, 0.00445479, 0.00664881]
2090,0.02356487,[-0.00198615, -0.00028155, 0.00030629, -0.00915968, 0.00998502, 0.00147736, 0.00650373, 0.00227228, 0.00445479, 0.00664881]
2100,0.02356487,[-0.00198615, -0.00028155, 0.00030629, -0.00915968, 0.00998502, 0.00147736, 0.00650373, 0.00227228, 0.00445479, 0.00664881]
2110,0.02356487,[-0.00198615, -0.00028155, 0.00030629, -0.00915968, 0.00998502, 0.00147736, 0.00650373, 0.00227228, 0.00445479, 0.00664881]
2120,0.02356487,[-0.00198615, -0.00028155, 0.00030629, -0.00915968, 0.00998502, 0.00147736, 0.00650373, 0.00227228, 0.00445479, 0.00664881]
2130,0.02356487,[-0.00198615, -0.00028155, 0.00030629, -0.00915968, 0.00998502, 0.00147736, 0.00650373, 0.00227228, 0.00445479, 0.00664881]
2140,0.02356487,[-0.00198615, -0.00028155, 0.00030629, -0.00915968, 0.00998502, 0.00147736, 0.00650373, 0.00227228, 0.00445479, 0.00664881]
2150,0.02356487,[-0.00198615, -0.00028155, 0.00030629, -0.00915968, 0.00998502, 0.00147736, 0.00650373, 0.00227228, 0.00445479, 0.00664881]
2160,0.02356487,[-0.00198615, -0.00028155, 0.00030629, -0.00915968, 0.00998502, 0.00147736, 0.00650373, 0.00227228, 0.00445479, 0.00664881]
2170,0.02356487,[-0.00198615, -0.00028155, 0.00030629, -0.00915968, 0.00998502, 0.00147736, 0.00650373, 0.00227228, 0.00445479, 0.00664881]
2180,0.02356487,[-0.00198615, -0.00028155, 0.00030629, -0.00915968, 0.00998502, 0.00147736, 0.00650373, 0.00227228, 0.00445479, 0.00664881]
2190,0.02356487,[-0.00198615, -0.00028155, 0.00030629, -0.00915968, 0.00998502, 0.00147736, 0.00650373, 0.00227228, 0.00445479, 0.00664881]
2200,0.02356487,[-0.00198615, -0.00028155, 0.00030629, -0.00915968, 0.00998502, 0.00147736, 0.00650373, 0.00227228, 0.00445479, 0.00664881]
2210,0.02356487,[-0.00198615, -0.00028155, 0.00030629, -0.00915968, 0.00998502, 0.00147736, 0.00650373, 0.00227228, 0.00445479, 0.00664881]
2220,0.02356487,[-0.00198615, -0.00028155, 0.00030629, -0.00915968, 0.00998502, 0.00147736, 0.00650373, 0.00227228, 0.00445479, 0.00664881]
2230,0.02356487,[-0.00198615, -0.00028155, 0.00030629, -0.00915968, 0.00998502, 0.00147736, 0.00650373, 0.00227228, 0.00445479, 0.00664881]
2240,0.02348074,[-0.00139018, -0.00028155, 0.00030629, -0.00915968, 0.00998502, 0.00147736, 0.00650373, 0.00227228, 0.00445479, 0.00664881]
2250,0.02348074,[-0.00139018, -0.00028155, 0.00030629, -0.00915968, 0.00998502, 0.00147736, 0.00650373, 0.00227228, 0.00445479, 0.00664881]
2260,0.02348074,[-0.00139018, -0.00028155, 0.00030629, -0.00915968, 0.00998502, 0.00147736, 0.00650373, 0.00227228, 0.00445479, 0.00664881]
2270,0.02348074,[-0.00139018, -0.00028155, 0.00030629, -0.00915968, 0.00998502, 0.00147736, 0.00650373, 0.00227228, 0.00445479, 0.00664881]
2280,0.02348074,[-0.00139018, -0.00028155, 0.00030629, -0.00915968, 0.00998502, 0.00147736, 0.00650373, 0.00227228, 0.00445479, 0.00664881]
2290,0.02348074,[-0.00139018, -0.00028155, 0.00030629, -0.00915968, 0.00998502, 0.00147736, 0.00650373, 0.00227228, 0.00445479, 0.00664881]
2300,0.02348074,[-0.00139018, -0.00028155, 0.00030629, -0.00915968, 0.00998502, 0.00147736, 0.00650373, 0.00227228, 0.00445479, 0.00664881]
2310,0.02348074,[-0.00139018, -0.00028155, 0.00030629, -0.00915968, 0.00998502, 0.00147736, 0.00650373, 0.00227228, 0.00445479, 0.00664881]
2320,0.02348074,[-0.00139018, -0.00028155, 0.00030629, -0.00915968, 0.00998502, 0.00147736, 0.00650373, 0.00227228, 0.00445479, 0.00664881]
2330,0.02348074,[-0.00139018, -0.00028155, 0.00030629, -0.00915968, 0.00998502, 0.00147736, 0.00650373, 0.00227228, 0.00445479, 0.00664881]
2340,0.02348074,[-0.00139018, -0.00028155, 0.00030629, -0.00915968, 0.00998502, 0.00147736, 0.00650373, 0.00227228, 0.00445479, 0.00664881]
2350,0.02348074,[-0.00139018, -0.00028155, 0.00030629, -0.00915968, 0.00998502, 0.00147736, 0.00650373, 0.00227228, 0.00445479, 0.00664881]
2360,0.02303025,[-0.00198615, -0.00028155, 0.00030629, -0.00915968, -0.00932812, 0.00147736, 0.00650373, 0.00227228, 0.00445479, 0.00664881]
2370,0.02294452,[-0.00139018, -0.00028155, 0.00030629, -0.00915968, -0.00932812, 0.00147736, 0.00650373, 0.00227228, 0.00445479, 0.00664881]
2380,0.02294452,[-0.00139018, -0.00028155, 0.00030629, -0.00915968, -0.00932812, 0.00147736, 0.00650373, 0.00227228, 0.00445479, 0.00664881]
2390,0.02294452,[-0.00139018, -0.00028155, 0.00030629, -0.00915968, -0.00932812, 0.00147736, 0.00650373, 0.00227228, 0.00445479, 0.00664881]
2400,0.02226524,[-0.00139018, -0.00028155, 0.00030629, -0.00915968, -0.00932812, 0.00147736, 0.00650373, 0.00227228, 0.00445479, -0.0053369]
2410,0.02226524,[-0.00139018, -0.00028155, 0.00030629, -0.00915968, -0.00932812, 0.00147736, 0.00650373, 0.00227228, 0.00445479, -0.0053369]
2420,0.02226524,[-0.00139018, -0.00028155, 0.00030629, -0.00915968, -0.00932812, 0.00147736, 0.00650373, 0.00227228, 0.00445479, -0.0053369]
2430,0.02141491,[-0.00139018, -0.00028155, 0.00030629, -0.00915968, -0.00932812, 0.00147736, 0.00481312, 0.00227228, 0.00445479, -0.0053369]
2440,0.02141491,[-0.00139018, -0.00028155, 0.00030629, -0.00915968, -0.00932812, 0.00147736, 0.00481312, 0.00227228, 0.00445479, -0.0053369]
2450,0.02141491,[-0.00139018, -0.00028155, 0.00030629, -0.00915968, -0.00932812, 0.00147736, 0.00481312, 0.00227228, 0.00445479, -0.0053369]
2460,0.02141491,[-0.00139018, -0.00028155, 0.00030629, -0.00915968, -0.00932812, 0.00147736, 0.00481312, 0.00227228, 0.00445479, -0.0053369]
2470,0.02141491,[-0.00139018, -0.00028155, 0.00030629, -0.00915968, -0.00932812, 0.00147736, 0.00481312, 0.00227228, 0.00445479, -0.0053369]
2480,0.02141491,[-0.00139018, -0.00028155, 0.00030629, -0.00915968, -0.00932812, 0.00147736, 0.00481312, 0.00227228, 0.00445479, -0.0053369]
2490,0.02141491,[-0.00139018, -0.00028155, 0.00030629, -0.00915968, -0.00932812, 0.00147736, 0.00481312, 0.00227228, 0.00445479, -0.0053369]
2500,0.02141491,[-0.00139018, -0.00028155, 0.00030629, -0.00915968, -0.00932812, 0.00147736, 0.00481312, 0.00227228, 0.00445479, -0.0053369]
2510,0.02141491,[-0.00139018, -0.00028155, 0.00030629, -0.00915968, -0.00932812, 0.00147736, 0.00481312, 0.00227228, 0.00445479, -0.0053369]
2520,0.02141491,[-0.00139018, -0.00028155, 0.00030629, -0.00915968, -0.00932812, 0.00147736, 0.00481312, 0.00227228, 0.00445479, -0.0053369]
2530,0.02141491,[-0.00139018, -0.00028155, 0.00030629, -0.00915968, -0.00932812, 0.00147736, 0.00481312, 0.00227228, 0.00445479, -0.0053369]
2540,0.02141491,[-0.00139018, -0.00028155, 0.00030629, -0.00915968, -0.00932812, 0.00147736, 0.00481312, 0.00227228, 0.00445479, -0.0053369]
2550,0.02141491,[-0.00139018, -0.00028155, 0.00030629, -0.00915968, -0.00932812, 0.00147736, 0.00481312, 0.00227228, 0.00445479, -0.0053369]
2560,0.02141491,[-0.00139018, -0.00028155, 0.00030629, -0.00915968, -0.00932812, 0.00147736, 0.00481312, 0.00227228, 0.00445479, -0.0053369]
2570,0.02141491,[-0.00139018, -0.00028155, 0.00030629, -0.00915968, -0.00932812, 0.00147736, 0.00481312, 0.00227228, 0.00445479, -0.0053369]
2580,0.02141491,[-0.00139018, -0.00028155, 0.00030629, -0.00915968, -0.00932812, 0.00147736, 0.00481312, 0.00227228, 0.00445479, -0.0053369]
2590,0.02141491,[-0.00139018, -0.00028155, 0.00030629, -0.00915968, -0.00932812, 0.00147736, 0.00481312, 0.00227228, 0.00445479, -0.0053369]
2600,0.02141491,[-0.00139018, -0.00028155, 0.00030629, -0.00915968, -0.00932812, 0.00147736, 0.00481312, 0.00227228, 0.00445479, -0.0053369]
2610,0.02141491,[-0.00139018, -0.00028155, 0.00030629, -0.00915968, -0.00932812, 0.00147736, 0.00481312, 0.00227228, 0.00445479, -0.0053369]
2620,0.02141491,[-0.00139018, -0.00028155, 0.00030629, -0.00915968, -0.00932812, 0.00147736, 0.00481312, 0.00227228, 0.00445479, -0.0053369]
2630,0.02141491,[-0.00139018, -0.00028155, 0.00030629, -0.00915968, -0.00932812, 0.00147736, 0.00481312, 0.00227228, 0.00445479, -0.0053369]
2640,0.02141491,[-0.00139018, -0.00028155, 0.00030629, -0.00915968, -0.00932812, 0.00147736, 0.00481312, 0.00227228, 0.00445479, -0.0053369]
2650,0.02141491,[-0.00139018, -0.00028155, 0.00030629, -0.00915968, -0.00932812, 0.00147736, 0.00481312, 0.00227228, 0.00445479, -0.0053369]
2660,0.02141491,[-0.00139018, -0.00028155, 0.00030629, -0.00915968, -0.00932812, 0.00147736, 0.00481312, 0.00227228, 0.00445479, -0.0053369]
2670,0.02141491,[-0.00139018, -0.00028155, 0.00030629, -0.00915968, -0.00932812, 0.00147736, 0.00481312, 0.00227228, 0.00445479, -0.0053369]
2680,0.02141491,[-0.00139018, -0.00028155, 0.00030629, -0.00915968, -0.00932812, 0.00147736, 0.00481312, 0.00227228, 0.00445479, -0.0053369]
2690,0.02141491,[-0.00139018, -0.00028155, 0.00030629, -0.00915968, -0.00932812, 0.00147736, 0.00481312, 0.00227228, 0.00445479, -0.0053369]
2700,0.02141491,[-0.00139018, -0.00028155, 0.00030629, -0.00915968, -0.00932812, 0.00147736, 0.00481312, 0.00227228, 0.00445479, -0.0053369]
2710,0.02141491,[-0.00139018, -0.00028155, 0.00030629, -0.00915968, -0.00932812, 0.00147736, 0.00481312, 0.00227228, 0.00445479, -0.0053369]
2720,0.02141491,[-0.00139018, -0.00028155, 0.00030629, -0.00915968, -0.00932812, 0.00147736, 0.00481312, 0.00227228, 0.00445479, -0.0053369]
2730,0.02141491,[-0.00139018, -0.00028155, 0.00030629, -0.00915968, -0.00932812, 0.00147736, 0.00481312, 0.00227228, 0.00445479, -0.0053369]
2740,0.02141491,[-0.00139018, -0.00028155, 0.00030629, -0.00915968, -0.00932812, 0.00147736, 0.00481312, 0.00227228, 0.00445479, -0.0053369]
2750,0.02141491,[-0.00139018, -0.00028155, 0.00030629, -0.00915968, -0.00932812, 0.00147736, 0.00481312, 0.00227228, 0.00445479, -0.0053369]
2760,0.02141491,[-0.00139018, -0.00028155, 0.00030629, -0.00915968, -0.00932812, 0.00147736, 0.00481312, 0.00227228, 0.00445479, -0.0053369]
2770,0.02141491,[-0.00139018, -0.00028155, 0.00030629, -0.00915968, -0.00932812, 0.00147736, 0.00481312, 0.00227228, 0.00445479, -0.0053369]
2780,0.02141491,[-0.00139018, -0.00028155, 0.00030629, -0.00915968, -0.00932812, 0.00147736, 0.00481312, 0.00227228, 0.00445479, -0.0053369]
2790,0.02141491,[-0.00139018, -0.00028155, 0.00030629, -0.00915968, -0.00932812, 0.00147736, 0.00481312, 0.00227228, 0.00445479, -0.0053369]
2800,0.02141491,[-0.00139018, -0.00028155, 0.00030629, -0.00915968, -0.00932812, 0.00147736, 0.00481312, 0.00227228, 0.00445479, -0.0053369]
2810,0.02141491,[-0.00139018, -0.00028155, 0.00030629, -0.00915968, -0.00932812, 0.00147736, 0.00481312, 0.00227228, 0.00445479, -0.0053369]
2820,0.02141491,[-0.00139018, -0.00028155, 0.00030629, -0.00915968, -0.00932812, 0.00147736, 0.00481312, 0.00227228, 0.00445479, -0.0053369]
2830,0.02141491,[-0.00139018, -0.00028155, 0.00030629, -0.00915968, -0.00932812, 0.00147736, 0.00481312, 0.00227228, 0.00445479, -0.0053369]
2840,0.02141491,[-0.00139018, -0.00028155, 0.00030629, -0.00915968, -0.00932812, 0.00147736, 0.00481312, 0.00227228, 0.00445479, -0.0053369]
2850,0.02141491,[-0.00139018, -0.00028155, 0.00030629, -0.00915968, -0.00932812, 0.00147736, 0.00481312, 0.00227228, 0.00445479, -0.0053369]
2860,0.02141491,[-0.00139018, -0.00028155, 0.00030629, -0.00915968, -0.00932812, 0.00147736, 0.00481312, 0.00227228, 0.00445479, -0.0053369]
2870,0.02141491,[-0.00139018, -0.00028155, 0.00030629, -0.00915968, -0.00932812, 0.00147736, 0.00481312, 0.00227228, 0.00445479, -0.0053369]
2880,0.02141491,[-0.00139018, -0.00028155, 0.00030629, -0.00915968, -0.00932812, 0.00147736, 0.00481312, 0.00227228, 0.00445479, -0.0053369]
2890,0.02141491,[-0.00139018, -0.00028155, 0.00030629, -0.00915968, -0.00932812, 0.00147736, 0.00481312, 0.00227228, 0.00445479, -0.0053369]
2900,0.02141491,[-0.00139018, -0.00028155, 0.00030629, -0.00915968, -0.00932812, 0.00147736, 0.00481312, 0.00227228, 0.00445479, -0.0053369]
2910,0.02141491,[-0.00139018, -0.00028155, 0.00030629, -0.00915968, -0.00932812, 0.00147736, 0.00481312, 0.00227228, 0.00445479, -0.0053369]
2920,0.02141491,[-0.00139018, -0.00028155, 0.00030629, -0.00915968, -0.00932812, 0.00147736, 0.00481312, 0.00227228, 0.00445479, -0.0053369]
2930,0.02141491,[-0.00139018, -0.00028155, 0.00030629, -0.00915968, -0.00932812, 0.00147736, 0.00481312, 0.00227228, 0.00445479, -0.0053369]
2940,0.02141491,[-0.00139018, -0.00028155, 0.00030629, -0.00915968, -0.00932812, 0.00147736, 0.00481312, 0.00227228, 0.00445479, -0.0053369]
2950,0.02141491,[-0.00139018, -0.00028155, 0.00030629, -0.00915968, -0.00932812, 0.00147736, 0.00481312, 0.00227228, 0.00445479, -0.0053369]
2960,0.02141491,[-0.00139018, -0.00028155, 0.00030629, -0.00915968, -0.00932812, 0.00147736, 0.00481312, 0.00227228, 0.00445479, -0.0053369]
2970,0.02141491,[-0.00139018, -0.00028155, 0.00030629, -0.00915968, -0.00932812, 0.00147736, 0.00481312, 0.00227228, 0.00445479, -0.0053369]
2980,0.02141491,[-0.00139018, -0.00028155, 0.00030629, -0.00915968, -0.00932812, 0.00147736, 0.00481312, 0.00227228, 0.00445479, -0.0053369]
2990,0.02141491,[-0.00139018, -0.00028155, 0.00030629, -0.00915968, -0.00932812, 0.00147736, 0.00481312, 0.00227228, 0.00445479, -0.0053369]
3000,0.02141491,[-0.00139018, -0.00028155, 0.00030629, -0.00915968, -0.00932812, 0.00147736, 0.00481312, 0.00227228, 0.00445479, -0.0053369]
3010,0.02141491,[-0.00139018, -0.00028155, 0.00030629, -0.00915968, -0.00932812, 0.00147736, 0.00481312, 0.00227228, 0.00445479, -0.0053369]
3020,0.02141491,[-0.00139018, -0.00028155, 0.00030629, -0.00915968, -0.00932812, 0.00147736, 0.00481312, 0.00227228, 0.00445479, -0.0053369]
3030,0.02141491,[-0.00139018, -0.00028155, 0.00030629, -0.00915968, -0.00932812, 0.00147736, 0.00481312, 0.00227228, 0.00445479, -0.0053369]
3040,0.02141491,[-0.00139018, -0.00028155, 0.00030629, -0.00915968, -0.00932812, 0.00147736, 0.00481312, 0.00227228, 0.00445479, -0.0053369]
3050,0.02141491,[-0.00139018, -0.00028155, 0.00030629, -0.00915968, -0.00932812, 0.00147736, 0.00481312, 0.00227228, 0.00445479, -0.0053369]
3060,0.02141491,[-0.00139018, -0.00028155, 0.00030629, -0.00915968, -0.00932812, 0.00147736, 0.00481312, 0.00227228, 0.00445479, -0.0053369]
3070,0.02141491,[-0.00139018, -0.00028155, 0.00030629, -0.00915968, -0.00932812, 0.00147736, 0.00481312, 0.00227228, 0.00445479, -0.0053369]
3080,0.02141491,[-0.00139018, -0.00028155, 0.00030629, -0.00915968, -0.00932812, 0.00147736, 0.00481312, 0.00227228, 0.00445479, -0.0053369]
3090,0.02141491,[-0.00139018, -0.00028155, 0.00030629, -0.00915968, -0.00932812, 0.00147736, 0.00481312, 0.00227228, 0.00445479, -0.0053369]
3100,0.02141491,[-0.00139018, -0.00028155, 0.00030629, -0.00915968, -0.00932812, 0.00147736, 0.00481312, 0.00227228, 0.00445479, -0.0053369]
3110,0.02141491,[-0.00139018, -0.00028155, 0.00030629, -0.00915968, -0.00932812, 0.00147736, 0.00481312, 0.00227228, 0.00445479, -0.0053369]
3120,0.02141491,[-0.00139018, -0.00028155, 0.00030629, -0.00915968, -0.00932812, 0.00147736, 0.00481312, 0.00227228, 0.00445479, -0.0053369]
3130,0.02141491,[-0.00139018, -0.00028155, 0.00030629, -0.00915968, -0.00932812, 0.00147736, 0.00481312, 0.00227228, 0.00445479, -0.0053369]
3140,0.02141491,[-0.00139018, -0.00028155, 0.00030629, -0.00915968, -0.00932812, 0.00147736, 0.00481312, 0.00227228, 0.00445479, -0.0053369]
3150,0.02141491,[-0.00139018, -0.00028155, 0.00030629, -0.00915968, -0.00932812, 0.00147736, 0.00481312, 0.00227228, 0.00445479, -0.0053369]
3160,0.02141491,[-0.00139018, -0.00028155, 0.00030629, -0.00915968, -0.00932812, 0.00147736, 0.00481312, 0.00227228, 0.00445479, -0.0053369]
3170,0.02141491,[-0.00139018, -0.00028155, 0.00030629, -0.00915968, -0.00932812, 0.00147736, 0.00481312, 0.00227228, 0.00445479, -0.0053369]
3180,0.02141491,[-0.00139018, -0.00028155, 0.00030629, -0.00915968, -0.00932812, 0.00147736, 0.00481312, 0.00227228, 0.00445479, -0.0053369]
3190,0.02141491,[-0.00139018, -0.00028155, 0.00030629, -0.00915968, -0.00932812, 0.00147736, 0.00481312, 0.00227228, 0.00445479, -0.0053369]
3200,0.02141491,[-0.00139018, -0.00028155, 0.00030629, -0.00915968, -0.00932812, 0.00147736, 0.00481312, 0.00227228, 0.00445479, -0.0053369]
3210,0.02141491,[-0.00139018, -0.00028155, 0.00030629, -0.00915968, -0.00932812, 0.00147736, 0.00481312, 0.00227228, 0.00445479, -0.0053369]
3220,0.02141491,[-0.00139018, -0.00028155, 0.00030629, -0.00915968, -0.00932812, 0.00147736, 0.00481312, 0.00227228, 0.00445479, -0.0053369]
3230,0.02141491,[-0.00139018, -0.00028155, 0.00030629, -0.00915968, -0.00932812, 0.00147736, 0.00481312, 0.00227228, 0.00445479, -0.0053369]
3240,0.02141491,[-0.00139018, -0.00028155, 0.00030629, -0.00915968, -0.00932812, 0.00147736, 0.00481312, 0.00227228, 0.00445479, -0.0053369]
3250,0.02141491,[-0.00139018, -0.00028155, 0.00030629, -0.00915968, -0.00932812, 0.00147736, 0.00481312, 0.00227228, 0.00445479, -0.0053369]
3260,0.02141491,[-0.00139018, -0.00028155, 0.00030629, -0.00915968, -0.00932812, 0.00147736, 0.00481312, 0.00227228, 0.00445479, -0.0053369]
3270,0.02141491,[-0.00139018, -0.00028155, 0.00030629, -0.00915968, -0.00932812, 0.00147736, 0.00481312, 0.00227228, 0.00445479, -0.0053369]
3280,0.02141491,[-0.00139018, -0.00028155, 0.00030629, -0.00915968, -0.00932812, 0.00147736, 0.00481312, 0.00227228, 0.00445479, -0.0053369]
3290,0.02141491,[-0.00139018, -0.00028155, 0.00030629, -0.00915968, -0.00932812, 0.00147736, 0.00481312, 0.00227228, 0.00445479, -0.0053369]
3300,0.02141491,[-0.00139018, -0.00028155, 0.00030629, -0.00915968, -0.00932812, 0.00147736, 0.00481312, 0.00227228, 0.00445479, -0.0053369]
3310,0.02141491,[-0.00139018, -0.00028155, 0.00030629, -0.00915968, -0.00932812, 0.00147736, 0.00481312, 0.00227228, 0.00445479, -0.0053369]
3320,0.02141491,[-0.00139018, -0.00028155, 0.00030629, -0.00915968, -0.00932812, 0.00147736, 0.00481312, 0.00227228, 0.00445479, -0.0053369]
3330,0.02141491,[-0.00139018, -0.00028155, 0.00030629, -0.00915968, -0.00932812, 0.00147736, 0.00481312, 0.00227228, 0.00445479, -0.0053369]
3340,0.02141491,[-0.00139018, -0.00028155, 0.00030629, -0.00915968, -0.00932812, 0.00147736, 0.00481312, 0.00227228, 0.00445479, -0.0053369]
3350,0.01851464,[-0.00139018, -0.00028155, 0.00030629, -0.00915968, 0.00514545, 0.00147736, 0.00481312, 0.00227228, 0.00445479, -0.0053369]
3360,0.01851464,[-0.00139018, -0.00028155, 0.00030629, -0.00915968, 0.00514545, 0.00147736, 0.00481312, 0.00227228, 0.00445479, -0.0053369]
3370,0.01851464,[-0.00139018, -0.00028155, 0.00030629, -0.00915968, 0.00514545, 0.00147736, 0.00481312, 0.00227228, 0.00445479, -0.0053369]
3380,0.01851464,[-0.00139018, -0.00028155, 0.00030629, -0.00915968, 0.00514545, 0.00147736, 0.00481312, 0.00227228, 0.00445479, -0.0053369]
3390,0.01851464,[-0.00139018, -0.00028155, 0.00030629, -0.00915968, 0.00514545, 0.00147736, 0.00481312, 0.00227228, 0.00445479, -0.0053369]
3400,0.01851464,[-0.00139018, -0.00028155, 0.00030629, -0.00915968, 0.00514545, 0.00147736, 0.00481312, 0.00227228, 0.00445479, -0.0053369]
3410,0.01851464,[-0.00139018, -0.00028155, 0.00030629, -0.00915968, 0.00514545, 0.00147736, 0.00481312, 0.00227228, 0.00445479, -0.0053369]
3420,0.01851464,[-0.00139018, -0.00028155, 0.00030629, -0.00915968, 0.00514545, 0.00147736, 0.00481312, 0.00227228, 0.00445479, -0.0053369]
3430,0.01851464,[-0.00139018, -0.00028155, 0.00030629, -0.00915968, 0.00514545, 0.00147736, 0.00481312, 0.00227228, 0.00445479, -0.0053369]
3440,0.01851464,[-0.00139018, -0.00028155, 0.00030629, -0.00915968, 0.00514545, 0.00147736, 0.00481312, 0.00227228, 0.00445479, -0.0053369]
3450,0.01851464,[-0.00139018, -0.00028155, 0.00030629, -0.00915968, 0.00514545, 0.00147736, 0.00481312, 0.00227228, 0.00445479, -0.0053369]
3460,0.01851464,[-0.00139018, -0.00028155, 0.00030629, -0.00915968, 0.00514545, 0.00147736, 0.00481312, 0.00227228, 0.00445479, -0.0053369]
3470,0.01851464,[-0.00139018, -0.00028155, 0.00030629, -0.00915968, 0.00514545, 0.00147736, 0.00481312, 0.00227228, 0.00445479, -0.0053369]
3480,0.01851464,[-0.00139018, -0.00028155, 0.00030629, -0.00915968, 0.00514545, 0.00147736, 0.00481312, 0.00227228, 0.00445479, -0.0053369]
3490,0.01851464,[-0.00139018, -0.00028155, 0.00030629, -0.00915968, 0.00514545, 0.00147736, 0.00481312, 0.00227228, 0.00445479, -0.0053369]
3500,0.01746225,[-0.00139018, -0.00028155, 0.00030629, -0.00798645, 0.00514545, 0.00147736, 0.00481312, 0.00227228, 0.00445479, -0.0053369]
3510,0.01746225,[-0.00139018, -0.00028155, 0.00030629, -0.00798645, 0.00514545, 0.00147736, 0.00481312, 0.00227228, 0.00445479, -0.0053369]
3520,0.01746225,[-0.00139018, -0.00028155, 0.00030629, -0.00798645, 0.00514545, 0.00147736, 0.00481312, 0.00227228, 0.00445479, -0.0053369]
3530,0.01746225,[-0.00139018, -0.00028155, 0.00030629, -0.00798645, 0.00514545, 0.00147736, 0.00481312, 0.00227228, 0.00445479, -0.0053369]
3540,0.01746225,[-0.00139018, -0.00028155, 0.00030629, -0.00798645, 0.00514545, 0.00147736, 0.00481312, 0.00227228, 0.00445479, -0.0053369]
3550,0.01746225,[-0.00139018, -0.00028155, 0.00030629, -0.00798645, 0.00514545, 0.00147736, 0.00481312, 0.00227228, 0.00445479, -0.0053369]
3560,0.01746225,[-0.00139018, -0.00028155, 0.00030629, -0.00798645, 0.00514545, 0.00147736, 0.00481312, 0.00227228, 0.00445479, -0.0053369]
3570,0.01746225,[-0.00139018, -0.00028155, 0.00030629, -0.00798645, 0.00514545, 0.00147736, 0.00481312, 0.00227228, 0.00445479, -0.0053369]
3580,0.01746225,[-0.00139018, -0.00028155, 0.00030629, -0.00798645, 0.00514545, 0.00147736, 0.00481312, 0.00227228, 0.00445479, -0.0053369]
3590,0.01746225,[-0.00139018, -0.00028155, 0.00030629, -0.00798645, 0.00514545, 0.00147736, 0.00481312, 0.00227228, 0.00445479, -0.0053369]
3600,0.01746225,[-0.00139018, -0.00028155, 0.00030629, -0.00798645, 0.00514545, 0.00147736, 0.00481312, 0.00227228, 0.00445479, -0.0053369]
3610,0.01746225,[-0.00139018, -0.00028155, 0.00030629, -0.00798645, 0.00514545, 0.00147736, 0.00481312, 0.00227228, 0.00445479, -0.0053369]
3620,0.01746225,[-0.00139018, -0.00028155, 0.00030629, -0.00798645, 0.00514545, 0.00147736, 0.00481312, 0.00227228, 0.00445479, -0.0053369]
3630,0.01746225,[-0.00139018, -0.00028155, 0.00030629, -0.00798645, 0.00514545, 0.00147736, 0.00481312, 0.00227228, 0.00445479, -0.0053369]
3640,0.01746225,[-0.00139018, -0.00028155, 0.00030629, -0.00798645, 0.00514545, 0.00147736, 0.00481312, 0.00227228, 0.00445479, -0.0053369]
3650,0.01746225,[-0.00139018, -0.00028155, 0.00030629, -0.00798645, 0.00514545, 0.00147736, 0.00481312, 0.00227228, 0.00445479, -0.0053369]
3660,0.01746225,[-0.00139018, -0.00028155, 0.00030629, -0.00798645, 0.00514545, 0.00147736, 0.00481312, 0.00227228, 0.00445479, -0.0053369]
3670,0.01746225,[-0.00139018, -0.00028155, 0.00030629, -0.00798645, 0.00514545, 0.00147736, 0.00481312, 0.00227228, 0.00445479, -0.0053369]
3680,0.01746225,[-0.00139018, -0.00028155, 0.00030629, -0.00798645, 0.00514545, 0.00147736, 0.00481312, 0.00227228, 0.00445479, -0.0053369]
3690,0.01746225,[-0.00139018, -0.00028155, 0.00030629, -0.00798645, 0.00514545, 0.00147736, 0.00481312, 0.00227228, 0.00445479, -0.0053369]
3700,0.01746225,[-0.00139018, -0.00028155, 0.00030629, -0.00798645, 0.00514545, 0.00147736, 0.00481312, 0.00227228, 0.00445479, -0.0053369]
3710,0.01746225,[-0.00139018, -0.00028155, 0.00030629, -0.00798645, 0.00514545, 0.00147736, 0.00481312, 0.00227228, 0.00445479, -0.0053369]
3720,0.01746225,[-0.00139018, -0.00028155, 0.00030629, -0.00798645, 0.00514545, 0.00147736, 0.00481312, 0.00227228, 0.00445479, -0.0053369]
3730,0.01746225,[-0.00139018, -0.00028155, 0.00030629, -0.00798645, 0.00514545, 0.00147736, 0.00481312, 0.00227228, 0.00445479, -0.0053369]
3740,0.01746225,[-0.00139018, -0.00028155, 0.00030629, -0.00798645, 0.00514545, 0.00147736, 0.00481312, 0.00227228, 0.00445479, -0.0053369]
3750,0.01746225,[-0.00139018, -0.00028155, 0.00030629, -0.00798645, 0.00514545, 0.00147736, 0.00481312, 0.00227228, 0.00445479, -0.0053369]
3760,0.01746225,[-0.00139018, -0.00028155, 0.00030629, -0.00798645, 0.00514545, 0.00147736, 0.00481312, 0.00227228, 0.00445479, -0.0053369]
3770,0.01746225,[-0.00139018, -0.00028155, 0.00030629, -0.00798645, 0.00514545, 0.00147736, 0.00481312, 0.00227228, 0.00445479, -0.0053369]
3780,0.01746225,[-0.00139018, -0.00028155, 0.00030629, -0.00798645, 0.00514545, 0.00147736, 0.00481312, 0.00227228, 0.00445479, -0.0053369]
3790,0.01746225,[-0.00139018, -0.00028155, 0.00030629, -0.00798645, 0.00514545, 0.00147736, 0.00481312, 0.00227228, 0.00445479, -0.0053369]
3800,0.01746225,[-0.00139018, -0.00028155, 0.00030629, -0.00798645, 0.00514545, 0.00147736, 0.00481312, 0.00227228, 0.00445479, -0.0053369]
3810,0.01746225,[-0.00139018, -0.00028155, 0.00030629, -0.00798645, 0.00514545, 0.00147736, 0.00481312, 0.00227228, 0.00445479, -0.0053369]
3820,0.01746225,[-0.00139018, -0.00028155, 0.00030629, -0.00798645, 0.00514545, 0.00147736, 0.00481312, 0.00227228, 0.00445479, -0.0053369]
3830,0.01746225,[-0.00139018, -0.00028155, 0.00030629, -0.00798645, 0.00514545, 0.00147736, 0.00481312, 0.00227228, 0.00445479, -0.0053369]
3840,0.01746225,[-0.00139018, -0.00028155, 0.00030629, -0.00798645, 0.00514545, 0.00147736, 0.00481312, 0.00227228, 0.00445479, -0.0053369]
3850,0.01746225,[-0.00139018, -0.00028155, 0.00030629, -0.00798645, 0.00514545, 0.00147736, 0.00481312, 0.00227228, 0.00445479, -0.0053369]
3860,0.01746225,[-0.00139018, -0.00028155, 0.00030629, -0.00798645, 0.00514545, 0.00147736, 0.00481312, 0.00227228, 0.00445479, -0.0053369]
3870,0.01746225,[-0.00139018, -0.00028155, 0.00030629, -0.00798645, 0.00514545, 0.00147736, 0.00481312, 0.00227228, 0.00445479, -0.0053369]
3880,0.01746225,[-0.00139018, -0.00028155, 0.00030629, -0.00798645, 0.00514545, 0.00147736, 0.00481312, 0.00227228, 0.00445479, -0.0053369]
3890,0.01746225,[-0.00139018, -0.00028155, 0.00030629, -0.00798645, 0.00514545, 0.00147736, 0.00481312, 0.00227228, 0.00445479, -0.0053369]
3900,0.01746225,[-0.00139018, -0.00028155, 0.00030629, -0.00798645, 0.00514545, 0.00147736, 0.00481312, 0.00227228, 0.00445479, -0.0053369]
3910,0.01746225,[-0.00139018, -0.00028155, 0.00030629, -0.00798645, 0.00514545, 0.00147736, 0.00481312, 0.00227228, 0.00445479, -0.0053369]
3920,0.01746225,[-0.00139018, -0.00028155, 0.00030629, -0.00798645, 0.00514545, 0.00147736, 0.00481312, 0.00227228, 0.00445479, -0.0053369]
3930,0.01746225,[-0.00139018, -0.00028155, 0.00030629, -0.00798645, 0.00514545, 0.00147736, 0.00481312, 0.00227228, 0.00445479, -0.0053369]
3940,0.01746225,[-0.00139018, -0.00028155, 0.00030629, -0.00798645, 0.00514545, 0.00147736, 0.00481312, 0.00227228, 0.00445479, -0.0053369]
3950,0.01746225,[-0.00139018, -0.00028155, 0.00030629, -0.00798645, 0.00514545, 0.00147736, 0.00481312, 0.00227228, 0.00445479, -0.0053369]
3960,0.01746225,[-0.00139018, -0.00028155, 0.00030629, -0.00798645, 0.00514545, 0.00147736, 0.00481312, 0.00227228, 0.00445479, -0.0053369]
3970,0.01746225,[-0.00139018, -0.00028155, 0.00030629, -0.00798645, 0.00514545, 0.00147736, 0.00481312, 0.00227228, 0.00445479, -0.0053369]
3980,0.01746225,[-0.00139018, -0.00028155, 0.00030629, -0.00798645, 0.00514545, 0.00147736, 0.00481312, 0.00227228, 0.00445479, -0.0053369]
3990,0.01746225,[-0.00139018, -0.00028155, 0.00030629, -0.00798645, 0.00514545, 0.00147736, 0.00481312, 0.00227228, 0.00445479, -0.0053369]
4000,0.01746225,[-0.00139018, -0.00028155, 0.00030629, -0.00798645, 0.00514545, 0.00147736, 0.00481312, 0.00227228, 0.00445479, -0.0053369]
4010,0.01746225,[-0.00139018, -0.00028155, 0.00030629, -0.00798645, 0.00514545, 0.00147736, 0.00481312, 0.00227228, 0.00445479, -0.0053369]
4020,0.01746225,[-0.00139018, -0.00028155, 0.00030629, -0.00798645, 0.00514545, 0.00147736, 0.00481312, 0.00227228, 0.00445479, -0.0053369]
4030,0.01746225,[-0.00139018, -0.00028155, 0.00030629, -0.00798645, 0.00514545, 0.00147736, 0.00481312, 0.00227228, 0.00445479, -0.0053369]
4040,0.01746225,[-0.00139018, -0.00028155, 0.00030629, -0.00798645, 0.00514545, 0.00147736, 0.00481312, 0.00227228, 0.00445479, -0.0053369]
4050,0.01746225,[-0.00139018, -0.00028155, 0.00030629, -0.00798645, 0.00514545, 0.00147736, 0.00481312, 0.00227228, 0.00445479, -0.0053369]
4060,0.01746225,[-0.00139018, -0.00028155, 0.00030629, -0.00798645, 0.00514545, 0.00147736, 0.00481312, 0.00227228, 0.00445479, -0.0053369]
4070,0.01746225,[-0.00139018, -0.00028155, 0.00030629, -0.00798645, 0.00514545, 0.00147736, 0.00481312, 0.00227228, 0.00445479, -0.0053369]
4080,0.01746225,[-0.00139018, -0.00028155, 0.00030629, -0.00798645, 0.00514545, 0.00147736, 0.00481312, 0.00227228, 0.00445479, -0.0053369]
4090,0.01746225,[-0.00139018, -0.00028155, 0.00030629, -0.00798645, 0.00514545, 0.00147736, 0.00481312, 0.00227228, 0.00445479, -0.0053369]
4100,0.01633871,[-0.00139018, -0.00028155, 0.00030629, -0.00658975, 0.00514545, 0.00147736, 0.00481312, 0.00227228, 0.00445479, -0.0053369]
4110,0.01633871,[-0.00139018, -0.00028155, 0.00030629, -0.00658975, 0.00514545, 0.00147736, 0.00481312, 0.00227228, 0.00445479, -0.0053369]
4120,0.01633871,[-0.00139018, -0.00028155, 0.00030629, -0.00658975, 0.00514545, 0.00147736, 0.00481312, 0.00227228, 0.00445479, -0.0053369]
4130,0.01633871,[-0.00139018, -0.00028155, 0.00030629, -0.00658975, 0.00514545, 0.00147736, 0.00481312, 0.00227228, 0.00445479, -0.0053369]
4140,0.0150958,[-0.00184223, -0.00028155, 0.00030629, -0.00658975, 0.00514545, 0.00147736, 0.00074407, 0.00227228, 0.00445479, -0.0053369]
4150,0.01478398,[-0.00139018, -0.00028155, 0.00030629, -0.00658975, 0.00514545, 0.00147736, 0.00074407, 0.00124383, 0.00445479, -0.0053369]
4160,0.01478398,[-0.00139018, -0.00028155, 0.00030629, -0.00658975, 0.00514545, 0.00147736, 0.00074407, 0.00124383, 0.00445479, -0.0053369]
4170,0.01478398,[-0.00139018, -0.00028155, 0.00030629, -0.00658975, 0.00514545, 0.00147736, 0.00074407, 0.00124383, 0.00445479, -0.0053369]
4180,0.01478398,[-0.00139018, -0.00028155, 0.00030629, -0.00658975, 0.00514545, 0.00147736, 0.00074407, 0.00124383, 0.00445479, -0.0053369]
4190,0.01478398,[-0.00139018, -0.00028155, 0.00030629, -0.00658975, 0.00514545, 0.00147736, 0.00074407, 0.00124383, 0.00445479, -0.0053369]
4200,0.01478398,[-0.00139018, -0.00028155, 0.00030629, -0.00658975, 0.00514545, 0.00147736, 0.00074407, 0.00124383, 0.00445479, -0.0053369]
4210,0.01478398,[-0.00139018, -0.00028155, 0.00030629, -0.00658975, 0.00514545, 0.00147736, 0.00074407, 0.00124383, 0.00445479, -0.0053369]
4220,0.01478398,[-0.00139018, -0.00028155, 0.00030629, -0.00658975, 0.00514545, 0.00147736, 0.00074407, 0.00124383, 0.00445479, -0.0053369]
4230,0.01478398,[-0.00139018, -0.00028155, 0.00030629, -0.00658975, 0.00514545, 0.00147736, 0.00074407, 0.00124383, 0.00445479, -0.0053369]
4240,0.01478398,[-0.00139018, -0.00028155, 0.00030629, -0.00658975, 0.00514545, 0.00147736, 0.00074407, 0.00124383, 0.00445479, -0.0053369]
4250,0.01478398,[-0.00139018, -0.00028155, 0.00030629, -0.00658975, 0.00514545, 0.00147736, 0.00074407, 0.00124383, 0.00445479, -0.0053369]
4260,0.01478398,[-0.00139018, -0.00028155, 0.00030629, -0.00658975, 0.00514545, 0.00147736, 0.00074407, 0.00124383, 0.00445479, -0.0053369]
4270,0.01478398,[-0.00139018, -0.00028155, 0.00030629, -0.00658975, 0.00514545, 0.00147736, 0.00074407, 0.00124383, 0.00445479, -0.0053369]
4280,0.01478398,[-0.00139018, -0.00028155, 0.00030629, -0.00658975, 0.00514545, 0.00147736, 0.00074407, 0.00124383, 0.00445479, -0.0053369]
4290,0.01478398,[-0.00139018, -0.00028155, 0.00030629, -0.00658975, 0.00514545, 0.00147736, 0.00074407, 0.00124383, 0.00445479, -0.0053369]
4300,0.01478398,[-0.00139018, -0.00028155, 0.00030629, -0.00658975, 0.00514545, 0.00147736, 0.00074407, 0.00124383, 0.00445479, -0.0053369]
4310,0.01478398,[-0.00139018, -0.00028155, 0.00030629, -0.00658975, 0.00514545, 0.00147736, 0.00074407, 0.00124383, 0.00445479, -0.0053369]
4320,0.01478398,[-0.00139018, -0.00028155, 0.00030629, -0.00658975, 0.00514545, 0.00147736, 0.00074407, 0.00124383, 0.00445479, -0.0053369]
4330,0.01478398,[-0.00139018, -0.00028155, 0.00030629, -0.00658975, 0.00514545, 0.00147736, 0.00074407, 0.00124383, 0.00445479, -0.0053369]
4340,0.01478398,[-0.00139018, -0.00028155, 0.00030629, -0.00658975, 0.00514545, 0.00147736, 0.00074407, 0.00124383, 0.00445479, -0.0053369]
4350,0.01478398,[-0.00139018, -0.00028155, 0.00030629, -0.00658975, 0.00514545, 0.00147736, 0.00074407, 0.00124383, 0.00445479, -0.0053369]
4360,0.01478398,[-0.00139018, -0.00028155, 0.00030629, -0.00658975, 0.00514545, 0.00147736, 0.00074407, 0.00124383, 0.00445479, -0.0053369]
4370,0.01478398,[-0.00139018, -0.00028155, 0.00030629, -0.00658975, 0.00514545, 0.00147736, 0.00074407, 0.00124383, 0.00445479, -0.0053369]
4380,0.01478398,[-0.00139018, -0.00028155, 0.00030629, -0.00658975, 0.00514545, 0.00147736, 0.00074407, 0.00124383, 0.00445479, -0.0053369]
4390,0.01478398,[-0.00139018, -0.00028155, 0.00030629, -0.00658975, 0.00514545, 0.00147736, 0.00074407, 0.00124383, 0.00445479, -0.0053369]
4400,0.01478398,[-0.00139018, -0.00028155, 0.00030629, -0.00658975, 0.00514545, 0.00147736, 0.00074407, 0.00124383, 0.00445479, -0.0053369]
4410,0.01478398,[-0.00139018, -0.00028155, 0.00030629, -0.00658975, 0.00514545, 0.00147736, 0.00074407, 0.00124383, 0.00445479, -0.0053369]
4420,0.01478398,[-0.00139018, -0.00028155, 0.00030629, -0.00658975, 0.00514545, 0.00147736, 0.00074407, 0.00124383, 0.00445479, -0.0053369]
4430,0.01478398,[-0.00139018, -0.00028155, 0.00030629, -0.00658975, 0.00514545, 0.00147736, 0.00074407, 0.00124383, 0.00445479, -0.0053369]
4440,0.01478398,[-0.00139018, -0.00028155, 0.00030629, -0.00658975, 0.00514545, 0.00147736, 0.00074407, 0.00124383, 0.00445479, -0.0053369]
4450,0.01478398,[-0.00139018, -0.00028155, 0.00030629, -0.00658975, 0.00514545, 0.00147736, 0.00074407, 0.00124383, 0.00445479, -0.0053369]
4460,0.01478398,[-0.00139018, -0.00028155, 0.00030629, -0.00658975, 0.00514545, 0.00147736, 0.00074407, 0.00124383, 0.00445479, -0.0053369]
4470,0.01478398,[-0.00139018, -0.00028155, 0.00030629, -0.00658975, 0.00514545, 0.00147736, 0.00074407, 0.00124383, 0.00445479, -0.0053369]
4480,0.01478398,[-0.00139018, -0.00028155, 0.00030629, -0.00658975, 0.00514545, 0.00147736, 0.00074407, 0.00124383, 0.00445479, -0.0053369]
4490,0.01478398,[-0.00139018, -0.00028155, 0.00030629, -0.00658975, 0.00514545, 0.00147736, 0.00074407, 0.00124383, 0.00445479, -0.0053369]
4500,0.01478398,[-0.00139018, -0.00028155, 0.00030629, -0.00658975, 0.00514545, 0.00147736, 0.00074407, 0.00124383, 0.00445479, -0.0053369]
4510,0.01478398,[-0.00139018, -0.00028155, 0.00030629, -0.00658975, 0.00514545, 0.00147736, 0.00074407, 0.00124383, 0.00445479, -0.0053369]
4520,0.01478398,[-0.00139018, -0.00028155, 0.00030629, -0.00658975, 0.00514545, 0.00147736, 0.00074407, 0.00124383, 0.00445479, -0.0053369]
4530,0.01478398,[-0.00139018, -0.00028155, 0.00030629, -0.00658975, 0.00514545, 0.00147736, 0.00074407, 0.00124383, 0.00445479, -0.0053369]
4540,0.01478398,[-0.00139018, -0.00028155, 0.00030629, -0.00658975, 0.00514545, 0.00147736, 0.00074407, 0.00124383, 0.00445479, -0.0053369]
4550,0.01478398,[-0.00139018, -0.00028155, 0.00030629, -0.00658975, 0.00514545, 0.00147736, 0.00074407, 0.00124383, 0.00445479, -0.0053369]
4560,0.01478398,[-0.00139018, -0.00028155, 0.00030629, -0.00658975, 0.00514545, 0.00147736, 0.00074407, 0.00124383, 0.00445479, -0.0053369]
4570,0.01478398,[-0.00139018, -0.00028155, 0.00030629, -0.00658975, 0.00514545, 0.00147736, 0.00074407, 0.00124383, 0.00445479, -0.0053369]
4580,0.01478398,[-0.00139018, -0.00028155, 0.00030629, -0.00658975, 0.00514545, 0.00147736, 0.00074407, 0.00124383, 0.00445479, -0.0053369]
4590,0.01478398,[-0.00139018, -0.00028155, 0.00030629, -0.00658975, 0.00514545, 0.00147736, 0.00074407, 0.00124383, 0.00445479, -0.0053369]
4600,0.01478398,[-0.00139018, -0.00028155, 0.00030629, -0.00658975, 0.00514545, 0.00147736, 0.00074407, 0.00124383, 0.00445479, -0.0053369]
4610,0.01478398,[-0.00139018, -0.00028155, 0.00030629, -0.00658975, 0.00514545, 0.00147736, 0.00074407, 0.00124383, 0.00445479, -0.0053369]
4620,0.01478398,[-0.00139018, -0.00028155, 0.00030629, -0.00658975, 0.00514545, 0.00147736, 0.00074407, 0.00124383, 0.00445479, -0.0053369]
4630,0.01478398,[-0.00139018, -0.00028155, 0.00030629, -0.00658975, 0.00514545, 0.00147736, 0.00074407, 0.00124383, 0.00445479, -0.0053369]
4640,0.01478398,[-0.00139018, -0.00028155, 0.00030629, -0.00658975, 0.00514545, 0.00147736, 0.00074407, 0.00124383, 0.00445479, -0.0053369]
4650,0.01478398,[-0.00139018, -0.00028155, 0.00030629, -0.00658975, 0.00514545, 0.00147736, 0.00074407, 0.00124383, 0.00445479, -0.0053369]
4660,0.01478398,[-0.00139018, -0.00028155, 0.00030629, -0.00658975, 0.00514545, 0.00147736, 0.00074407, 0.00124383, 0.00445479, -0.0053369]
4670,0.01478398,[-0.00139018, -0.00028155, 0.00030629, -0.00658975, 0.00514545, 0.00147736, 0.00074407, 0.00124383, 0.00445479, -0.0053369]
4680,0.01478398,[-0.00139018, -0.00028155, 0.00030629, -0.00658975, 0.00514545, 0.00147736, 0.00074407, 0.00124383, 0.00445479, -0.0053369]
4690,0.01478398,[-0.00139018, -0.00028155, 0.00030629, -0.00658975, 0.00514545, 0.00147736, 0.00074407, 0.00124383, 0.00445479, -0.0053369]
4700,0.01478398,[-0.00139018, -0.00028155, 0.00030629, -0.00658975, 0.00514545, 0.00147736, 0.00074407, 0.00124383, 0.00445479, -0.0053369]
4710,0.01478398,[-0.00139018, -0.00028155, 0.00030629, -0.00658975, 0.00514545, 0.00147736, 0.00074407, 0.00124383, 0.00445479, -0.0053369]
4720,0.01478398,[-0.00139018, -0.00028155, 0.00030629, -0.00658975, 0.00514545, 0.00147736, 0.00074407, 0.00124383, 0.00445479, -0.0053369]
4730,0.01478398,[-0.00139018, -0.00028155, 0.00030629, -0.00658975, 0.00514545, 0.00147736, 0.00074407, 0.00124383, 0.00445479, -0.0053369]
4740,0.01478398,[-0.00139018, -0.00028155, 0.00030629, -0.00658975, 0.00514545, 0.00147736, 0.00074407, 0.00124383, 0.00445479, -0.0053369]
4750,0.01478398,[-0.00139018, -0.00028155, 0.00030629, -0.00658975, 0.00514545, 0.00147736, 0.00074407, 0.00124383, 0.00445479, -0.0053369]
4760,0.01478398,[-0.00139018, -0.00028155, 0.00030629, -0.00658975, 0.00514545, 0.00147736, 0.00074407, 0.00124383, 0.00445479, -0.0053369]
4770,0.01478398,[-0.00139018, -0.00028155, 0.00030629, -0.00658975, 0.00514545, 0.00147736, 0.00074407, 0.00124383, 0.00445479, -0.0053369]
4780,0.01478398,[-0.00139018, -0.00028155, 0.00030629, -0.00658975, 0.00514545, 0.00147736, 0.00074407, 0.00124383, 0.00445479, -0.0053369]
4790,0.01478398,[-0.00139018, -0.00028155, 0.00030629, -0.00658975, 0.00514545, 0.00147736, 0.00074407, 0.00124383, 0.00445479, -0.0053369]
4800,0.01478398,[-0.00139018, -0.00028155, 0.00030629, -0.00658975, 0.00514545, 0.00147736, 0.00074407, 0.00124383, 0.00445479, -0.0053369]
4810,0.01478398,[-0.00139018, -0.00028155, 0.00030629, -0.00658975, 0.00514545, 0.00147736, 0.00074407, 0.00124383, 0.00445479, -0.0053369]
4820,0.01478398,[-0.00139018, -0.00028155, 0.00030629, -0.00658975, 0.00514545, 0.00147736, 0.00074407, 0.00124383, 0.00445479, -0.0053369]
4830,0.01478398,[-0.00139018, -0.00028155, 0.00030629, -0.00658975, 0.00514545, 0.00147736, 0.00074407, 0.00124383, 0.00445479, -0.0053369]
4840,0.01478398,[-0.00139018, -0.00028155, 0.00030629, -0.00658975, 0.00514545, 0.00147736, 0.00074407, 0.00124383, 0.00445479, -0.0053369]
4850,0.01478398,[-0.00139018, -0.00028155, 0.00030629, -0.00658975, 0.00514545, 0.00147736, 0.00074407, 0.00124383, 0.00445479, -0.0053369]
4860,0.01478398,[-0.00139018, -0.00028155, 0.00030629, -0.00658975, 0.00514545, 0.00147736, 0.00074407, 0.00124383, 0.00445479, -0.0053369]
4870,0.01478398,[-0.00139018, -0.00028155, 0.00030629, -0.00658975, 0.00514545, 0.00147736, 0.00074407, 0.00124383, 0.00445479, -0.0053369]
4880,0.01478398,[-0.00139018, -0.00028155, 0.00030629, -0.00658975, 0.00514545, 0.00147736, 0.00074407, 0.00124383, 0.00445479, -0.0053369]
4890,0.01478398,[-0.00139018, -0.00028155, 0.00030629, -0.00658975, 0.00514545, 0.00147736, 0.00074407, 0.00124383, 0.00445479, -0.0053369]
4900,0.01478398,[-0.00139018, -0.00028155, 0.00030629, -0.00658975, 0.00514545, 0.00147736, 0.00074407, 0.00124383, 0.00445479, -0.0053369]
4910,0.01478398,[-0.00139018, -0.00028155, 0.00030629, -0.00658975, 0.00514545, 0.00147736, 0.00074407, 0.00124383, 0.00445479, -0.0053369]
4920,0.01478398,[-0.00139018, -0.00028155, 0.00030629, -0.00658975, 0.00514545, 0.00147736, 0.00074407, 0.00124383, 0.00445479, -0.0053369]
4930,0.01478398,[-0.00139018, -0.00028155, 0.00030629, -0.00658975, 0.00514545, 0.00147736, 0.00074407, 0.00124383, 0.00445479, -0.0053369]
4940,0.01478398,[-0.00139018, -0.00028155, 0.00030629, -0.00658975, 0.00514545, 0.00147736, 0.00074407, 0.00124383, 0.00445479, -0.0053369]
4950,0.01478398,[-0.00139018, -0.00028155, 0.00030629, -0.00658975, 0.00514545, 0.00147736, 0.00074407, 0.00124383, 0.00445479, -0.0053369]
4960,0.01478398,[-0.00139018, -0.00028155, 0.00030629, -0.00658975, 0.00514545, 0.00147736, 0.00074407, 0.00124383, 0.00445479, -0.0053369]
4970,0.01478398,[-0.00139018, -0.00028155, 0.00030629, -0.00658975, 0.00514545, 0.00147736, 0.00074407, 0.00124383, 0.00445479, -0.0053369]
4980,0.01478398,[-0.00139018, -0.00028155, 0.00030629, -0.00658975, 0.00514545, 0.00147736, 0.00074407, 0.00124383, 0.00445479, -0.0053369]
4990,0.01478398,[-0.00139018, -0.00028155, 0.00030629, -0.00658975, 0.00514545, 0.00147736, 0.00074407, 0.00124383, 0.00445479, -0.0053369]
5000,0.01478398,[-0.00139018, -0.00028155, 0.00030629, -0.00658975, 0.00514545, 0.00147736, 0.00074407, 0.00124383, 0.00445479, -0.0053369]
5010,0.01478398,[-0.00139018, -0.00028155, 0.00030629, -0.00658975, 0.00514545, 0.00147736, 0.00074407, 0.00124383, 0.00445479, -0.0053369]
5020,0.01478398,[-0.00139018, -0.00028155, 0.00030629, -0.00658975, 0.00514545, 0.00147736, 0.00074407, 0.00124383, 0.00445479, -0.0053369]
5030,0.01478398,[-0.00139018, -0.00028155, 0.00030629, -0.00658975, 0.00514545, 0.00147736, 0.00074407, 0.00124383, 0.00445479, -0.0053369]
5040,0.01478398,[-0.00139018, -0.00028155, 0.00030629, -0.00658975, 0.00514545, 0.00147736, 0.00074407, 0.00124383, 0.00445479, -0.0053369]
5050,0.01478398,[-0.00139018, -0.00028155, 0.00030629, -0.00658975, 0.00514545, 0.00147736, 0.00074407, 0.00124383, 0.00445479, -0.0053369]
5060,0.01478398,[-0.00139018, -0.00028155, 0.00030629, -0.00658975, 0.00514545, 0.00147736, 0.00074407, 0.00124383, 0.00445479, -0.0053369]
5070,0.01478398,[-0.00139018, -0.00028155, 0.00030629, -0.00658975, 0.00514545, 0.00147736, 0.00074407, 0.00124383, 0.00445479, -0.0053369]
5080,0.0143051,[-0.00352105, -0.00028155, 0.00030629, -0.00658975, 0.00514545, 0.00147736, 0.00074407, 0.00124383, 0.00445479, -0.00322498]
5090,0.01362315,[-0.00139018, -0.00028155, 0.00030629, -0.00658975, 0.00514545, 0.00147736, 0.00074407, 0.00124383, 0.00445479, -0.00322498]
5100,0.01362315,[-0.00139018, -0.00028155, 0.00030629, -0.00658975, 0.00514545, 0.00147736, 0.00074407, 0.00124383, 0.00445479, -0.00322498]
5110,0.01362315,[-0.00139018, -0.00028155, 0.00030629, -0.00658975, 0.00514545, 0.00147736, 0.00074407, 0.00124383, 0.00445479, -0.00322498]
5120,0.01362315,[-0.00139018, -0.00028155, 0.00030629, -0.00658975, 0.00514545, 0.00147736, 0.00074407, 0.00124383, 0.00445479, -0.00322498]
5130,0.01362315,[-0.00139018, -0.00028155, 0.00030629, -0.00658975, 0.00514545, 0.00147736, 0.00074407, 0.00124383, 0.00445479, -0.00322498]
5140,0.01362315,[-0.00139018, -0.00028155, 0.00030629, -0.00658975, 0.00514545, 0.00147736, 0.00074407, 0.00124383, 0.00445479, -0.00322498]
5150,0.01362315,[-0.00139018, -0.00028155, 0.00030629, -0.00658975, 0.00514545, 0.00147736, 0.00074407, 0.00124383, 0.00445479, -0.00322498]
5160,0.01362315,[-0.00139018, -0.00028155, 0.00030629, -0.00658975, 0.00514545, 0.00147736, 0.00074407, 0.00124383, 0.00445479, -0.00322498]
5170,0.01362315,[-0.00139018, -0.00028155, 0.00030629, -0.00658975, 0.00514545, 0.00147736, 0.00074407, 0.00124383, 0.00445479, -0.00322498]
5180,0.01362315,[-0.00139018, -0.00028155, 0.00030629, -0.00658975, 0.00514545, 0.00147736, 0.00074407, 0.00124383, 0.00445479, -0.00322498]
5190,0.01362315,[-0.00139018, -0.00028155, 0.00030629, -0.00658975, 0.00514545, 0.00147736, 0.00074407, 0.00124383, 0.00445479, -0.00322498]
5200,0.01362315,[-0.00139018, -0.00028155, 0.00030629, -0.00658975, 0.00514545, 0.00147736, 0.00074407, 0.00124383, 0.00445479, -0.00322498]
5210,0.01362315,[-0.00139018, -0.00028155, 0.00030629, -0.00658975, 0.00514545, 0.00147736, 0.00074407, 0.00124383, 0.00445479, -0.00322498]
5220,0.01362315,[-0.00139018, -0.00028155, 0.00030629, -0.00658975, 0.00514545, 0.00147736, 0.00074407, 0.00124383, 0.00445479, -0.00322498]
5230,0.01362315,[-0.00139018, -0.00028155, 0.00030629, -0.00658975, 0.00514545, 0.00147736, 0.00074407, 0.00124383, 0.00445479, -0.00322498]
5240,0.01362315,[-0.00139018, -0.00028155, 0.00030629, -0.00658975, 0.00514545, 0.00147736, 0.00074407, 0.00124383, 0.00445479, -0.00322498]
5250,0.01362315,[-0.00139018, -0.00028155, 0.00030629, -0.00658975, 0.00514545, 0.00147736, 0.00074407, 0.00124383, 0.00445479, -0.00322498]
5260,0.01362315,[-0.00139018, -0.00028155, 0.00030629, -0.00658975, 0.00514545, 0.00147736, 0.00074407, 0.00124383, 0.00445479, -0.00322498]
5270,0.01362315,[-0.00139018, -0.00028155, 0.00030629, -0.00658975, 0.00514545, 0.00147736, 0.00074407, 0.00124383, 0.00445479, -0.00322498]
5280,0.01362315,[-0.00139018, -0.00028155, 0.00030629, -0.00658975, 0.00514545, 0.00147736, 0.00074407, 0.00124383, 0.00445479, -0.00322498]
5290,0.01362315,[-0.00139018, -0.00028155, 0.00030629, -0.00658975, 0.00514545, 0.00147736, 0.00074407, 0.00124383, 0.00445479, -0.00322498]
5300,0.01362315,[-0.00139018, -0.00028155, 0.00030629, -0.00658975, 0.00514545, 0.00147736, 0.00074407, 0.00124383, 0.00445479, -0.00322498]
5310,0.01362315,[-0.00139018, -0.00028155, 0.00030629, -0.00658975, 0.00514545, 0.00147736, 0.00074407, 0.00124383, 0.00445479, -0.00322498]
5320,0.01362315,[-0.00139018, -0.00028155, 0.00030629, -0.00658975, 0.00514545, 0.00147736, 0.00074407, 0.00124383, 0.00445479, -0.00322498]
5330,0.01362315,[-0.00139018, -0.00028155, 0.00030629, -0.00658975, 0.00514545, 0.00147736, 0.00074407, 0.00124383, 0.00445479, -0.00322498]
5340,0.01362315,[-0.00139018, -0.00028155, 0.00030629, -0.00658975, 0.00514545, 0.00147736, 0.00074407, 0.00124383, 0.00445479, -0.00322498]
5350,0.0136193,[-0.00139018, 0.00014663, 0.00030629, -0.00658975, 0.00514545, 0.00147736, 0.00074407, 0.00124383, 0.00445479, -0.00322498]
5360,0.0136193,[-0.00139018, 0.00014663, 0.00030629, -0.00658975, 0.00514545, 0.00147736, 0.00074407, 0.00124383, 0.00445479, -0.00322498]
5370,0.0136193,[-0.00139018, 0.00014663, 0.00030629, -0.00658975, 0.00514545, 0.00147736, 0.00074407, 0.00124383, 0.00445479, -0.00322498]
5380,0.0136193,[-0.00139018, 0.00014663, 0.00030629, -0.00658975, 0.00514545, 0.00147736, 0.00074407, 0.00124383, 0.00445479, -0.00322498]
5390,0.0136193,[-0.00139018, 0.00014663, 0.00030629, -0.00658975, 0.00514545, 0.00147736, 0.00074407, 0.00124383, 0.00445479, -0.00322498]
5400,0.0136193,[-0.00139018, 0.00014663, 0.00030629, -0.00658975, 0.00514545, 0.00147736, 0.00074407, 0.00124383, 0.00445479, -0.00322498]
5410,0.0136193,[-0.00139018, 0.00014663, 0.00030629, -0.00658975, 0.00514545, 0.00147736, 0.00074407, 0.00124383, 0.00445479, -0.00322498]
5420,0.0136193,[-0.00139018, 0.00014663, 0.00030629, -0.00658975, 0.00514545, 0.00147736, 0.00074407, 0.00124383, 0.00445479, -0.00322498]
5430,0.0136193,[-0.00139018, 0.00014663, 0.00030629, -0.00658975, 0.00514545, 0.00147736, 0.00074407, 0.00124383, 0.00445479, -0.00322498]
5440,0.0136193,[-0.00139018, 0.00014663, 0.00030629, -0.00658975, 0.00514545, 0.00147736, 0.00074407, 0.00124383, 0.00445479, -0.00322498]
5450,0.0136193,[-0.00139018, 0.00014663, 0.00030629, -0.00658975, 0.00514545, 0.00147736, 0.00074407, 0.00124383, 0.00445479, -0.00322498]
5460,0.0136193,[-0.00139018, 0.00014663, 0.00030629, -0.00658975, 0.00514545, 0.00147736, 0.00074407, 0.00124383, 0.00445479, -0.00322498]
5470,0.0136193,[-0.00139018, 0.00014663, 0.00030629, -0.00658975, 0.00514545, 0.00147736, 0.00074407, 0.00124383, 0.00445479, -0.00322498]
5480,0.0136193,[-0.00139018, 0.00014663, 0.00030629, -0.00658975, 0.00514545, 0.00147736, 0.00074407, 0.00124383, 0.00445479, -0.00322498]
5490,0.0136193,[-0.00139018, 0.00014663, 0.00030629, -0.00658975, 0.00514545, 0.00147736, 0.00074407, 0.00124383, 0.00445479, -0.00322498]
5500,0.0136193,[-0.00139018, 0.00014663, 0.00030629, -0.00658975, 0.00514545, 0.00147736, 0.00074407, 0.00124383, 0.00445479, -0.00322498]
5510,0.0136193,[-0.00139018, 0.00014663, 0.00030629, -0.00658975, 0.00514545, 0.00147736, 0.00074407, 0.00124383, 0.00445479, -0.00322498]
5520,0.0136193,[-0.00139018, 0.00014663, 0.00030629, -0.00658975, 0.00514545, 0.00147736, 0.00074407, 0.00124383, 0.00445479, -0.00322498]
5530,0.0136193,[-0.00139018, 0.00014663, 0.00030629, -0.00658975, 0.00514545, 0.00147736, 0.00074407, 0.00124383, 0.00445479, -0.00322498]
5540,0.01122362,[0.00292255, 0.00014663, 0.00030629, 0.0019198, 0.00514545, 0.00147736, 0.00074407, 0.00124383, 0.00445479, -0.00322498]
5550,0.01056079,[-0.00139018, 0.00014663, 0.00030629, 0.0019198, 0.00514545, 0.00147736, 0.00074407, -8.674e-05, 0.00445479, -0.00322498]
5560,0.01056079,[-0.00139018, 0.00014663, 0.00030629, 0.0019198, 0.00514545, 0.00147736, 0.00074407, -8.674e-05, 0.00445479, -0.00322498]
5570,0.01056079,[-0.00139018, 0.00014663, 0.00030629, 0.0019198, 0.00514545, 0.00147736, 0.00074407, -8.674e-05, 0.00445479, -0.00322498]
5580,0.01056079,[-0.00139018, 0.00014663, 0.00030629, 0.0019198, 0.00514545, 0.00147736, 0.00074407, -8.674e-05, 0.00445479, -0.00322498]
5590,0.01056079,[-0.00139018, 0.00014663, 0.00030629, 0.0019198, 0.00514545, 0.00147736, 0.00074407, -8.674e-05, 0.00445479, -0.00322498]
5600,0.01056079,[-0.00139018, 0.00014663, 0.00030629, 0.0019198, 0.00514545, 0.00147736, 0.00074407, -8.674e-05, 0.00445479, -0.00322498]
5610,0.01056079,[-0.00139018, 0.00014663, 0.00030629, 0.0019198, 0.00514545, 0.00147736, 0.00074407, -8.674e-05, 0.00445479, -0.00322498]
5620,0.01056079,[-0.00139018, 0.00014663, 0.00030629, 0.0019198, 0.00514545, 0.00147736, 0.00074407, -8.674e-05, 0.00445479, -0.00322498]
5630,0.01056079,[-0.00139018, 0.00014663, 0.00030629, 0.0019198, 0.00514545, 0.00147736, 0.00074407, -8.674e-05, 0.00445479, -0.00322498]
5640,0.01056079,[-0.00139018, 0.00014663, 0.00030629, 0.0019198, 0.00514545, 0.00147736, 0.00074407, -8.674e-05, 0.00445479, -0.00322498]
5650,0.01056079,[-0.00139018, 0.00014663, 0.00030629, 0.0019198, 0.00514545, 0.00147736, 0.00074407, -8.674e-05, 0.00445479, -0.00322498]
5660,0.01056079,[-0.00139018, 0.00014663, 0.00030629, 0.0019198, 0.00514545, 0.00147736, 0.00074407, -8.674e-05, 0.00445479, -0.00322498]
5670,0.01056079,[-0.00139018, 0.00014663, 0.00030629, 0.0019198, 0.00514545, 0.00147736, 0.00074407, -8.674e-05, 0.00445479, -0.00322498]
5680,0.01056079,[-0.00139018, 0.00014663, 0.00030629, 0.0019198, 0.00514545, 0.00147736, 0.00074407, -8.674e-05, 0.00445479, -0.00322498]
5690,0.01056079,[-0.00139018, 0.00014663, 0.00030629, 0.0019198, 0.00514545, 0.00147736, 0.00074407, -8.674e-05, 0.00445479, -0.00322498]
5700,0.01056079,[-0.00139018, 0.00014663, 0.00030629, 0.0019198, 0.00514545, 0.00147736, 0.00074407, -8.674e-05, 0.00445479, -0.00322498]
5710,0.01056079,[-0.00139018, 0.00014663, 0.00030629, 0.0019198, 0.00514545, 0.00147736, 0.00074407, -8.674e-05, 0.00445479, -0.00322498]
5720,0.01056079,[-0.00139018, 0.00014663, 0.00030629, 0.0019198, 0.00514545, 0.00147736, 0.00074407, -8.674e-05, 0.00445479, -0.00322498]
5730,0.01056079,[-0.00139018, 0.00014663, 0.00030629, 0.0019198, 0.00514545, 0.00147736, 0.00074407, -8.674e-05, 0.00445479, -0.00322498]
5740,0.01056079,[-0.00139018, 0.00014663, 0.00030629, 0.0019198, 0.00514545, 0.00147736, 0.00074407, -8.674e-05, 0.00445479, -0.00322498]
5750,0.01056079,[-0.00139018, 0.00014663, 0.00030629, 0.0019198, 0.00514545, 0.00147736, 0.00074407, -8.674e-05, 0.00445479, -0.00322498]
5760,0.01056079,[-0.00139018, 0.00014663, 0.00030629, 0.0019198, 0.00514545, 0.00147736, 0.00074407, -8.674e-05, 0.00445479, -0.00322498]
5770,0.01056079,[-0.00139018, 0.00014663, 0.00030629, 0.0019198, 0.00514545, 0.00147736, 0.00074407, -8.674e-05, 0.00445479, -0.00322498]
5780,0.01056079,[-0.00139018, 0.00014663, 0.00030629, 0.0019198, 0.00514545, 0.00147736, 0.00074407, -8.674e-05, 0.00445479, -0.00322498]
5790,0.01056079,[-0.00139018, 0.00014663, 0.00030629, 0.0019198, 0.00514545, 0.00147736, 0.00074407, -8.674e-05, 0.00445479, -0.00322498]
5800,0.01056079,[-0.00139018, 0.00014663, 0.00030629, 0.0019198, 0.00514545, 0.00147736, 0.00074407, -8.674e-05, 0.00445479, -0.00322498]
5810,0.01056079,[-0.00139018, 0.00014663, 0.00030629, 0.0019198, 0.00514545, 0.00147736, 0.00074407, -8.674e-05, 0.00445479, -0.00322498]
5820,0.01056079,[-0.00139018, 0.00014663, 0.00030629, 0.0019198, 0.00514545, 0.00147736, 0.00074407, -8.674e-05, 0.00445479, -0.00322498]
5830,0.01056079,[-0.00139018, 0.00014663, 0.00030629, 0.0019198, 0.00514545, 0.00147736, 0.00074407, -8.674e-05, 0.00445479, -0.00322498]
5840,0.01056079,[-0.00139018, 0.00014663, 0.00030629, 0.0019198, 0.00514545, 0.00147736, 0.00074407, -8.674e-05, 0.00445479, -0.00322498]
5850,0.01056079,[-0.00139018, 0.00014663, 0.00030629, 0.0019198, 0.00514545, 0.00147736, 0.00074407, -8.674e-05, 0.00445479, -0.00322498]
5860,0.01056079,[-0.00139018, 0.00014663, 0.00030629, 0.0019198, 0.00514545, 0.00147736, 0.00074407, -8.674e-05, 0.00445479, -0.00322498]
5870,0.01056079,[-0.00139018, 0.00014663, 0.00030629, 0.0019198, 0.00514545, 0.00147736, 0.00074407, -8.674e-05, 0.00445479, -0.00322498]
5880,0.01056079,[-0.00139018, 0.00014663, 0.00030629, 0.0019198, 0.00514545, 0.00147736, 0.00074407, -8.674e-05, 0.00445479, -0.00322498]
5890,0.01056079,[-0.00139018, 0.00014663, 0.00030629, 0.0019198, 0.00514545, 0.00147736, 0.00074407, -8.674e-05, 0.00445479, -0.00322498]
5900,0.01056079,[-0.00139018, 0.00014663, 0.00030629, 0.0019198, 0.00514545, 0.00147736, 0.00074407, -8.674e-05, 0.00445479, -0.00322498]
5910,0.01056079,[-0.00139018, 0.00014663, 0.00030629, 0.0019198, 0.00514545, 0.00147736, 0.00074407, -8.674e-05, 0.00445479, -0.00322498]
5920,0.01056079,[-0.00139018, 0.00014663, 0.00030629, 0.0019198, 0.00514545, 0.00147736, 0.00074407, -8.674e-05, 0.00445479, -0.00322498]
5930,0.01056079,[-0.00139018, 0.00014663, 0.00030629, 0.0019198, 0.00514545, 0.00147736, 0.00074407, -8.674e-05, 0.00445479, -0.00322498]
5940,0.01056079,[-0.00139018, 0.00014663, 0.00030629, 0.0019198, 0.00514545, 0.00147736, 0.00074407, -8.674e-05, 0.00445479, -0.00322498]
5950,0.01056079,[-0.00139018, 0.00014663, 0.00030629, 0.0019198, 0.00514545, 0.00147736, 0.00074407, -8.674e-05, 0.00445479, -0.00322498]
5960,0.01056079,[-0.00139018, 0.00014663, 0.00030629, 0.0019198, 0.00514545, 0.00147736, 0.00074407, -8.674e-05, 0.00445479, -0.00322498]
5970,0.01056079,[-0.00139018, 0.00014663, 0.00030629, 0.0019198, 0.00514545, 0.00147736, 0.00074407, -8.674e-05, 0.00445479, -0.00322498]
5980,0.01056079,[-0.00139018, 0.00014663, 0.00030629, 0.0019198, 0.00514545, 0.00147736, 0.00074407, -8.674e-05, 0.00445479, -0.00322498]
5990,0.01056079,[-0.00139018, 0.00014663, 0.00030629, 0.0019198, 0.00514545, 0.00147736, 0.00074407, -8.674e-05, 0.00445479, -0.00322498]
5998,0.01056079,[-0.00139018, 0.00014663, 0.00030629, 0.0019198, 0.00514545, 0.00147736, 0.00074407, -8.674e-05, 0.00445479, -0.00322498]